Experiment,Reference,Apparatus,Pressure_kbar,Pressure_error,Temperature_degC,Phases,SiO2,TiO2,Al2O3,FeO,MnO,MgO,CaO,Na2O,K2O,P2O5,H2O,Cr2O3,Total,Alk Line,Sub line,Alkalinity (S),Alkalinity (A),alk,KB08
KN-54-2-2-1,Grove1992,1atm_furnace,0.001,0.00001,1161,gl-ol-cp-pl,51.9,2.38,13.6,11.3,0.23,6.06,10.4,3.27,0.34,,,0.06,99.54,7.72,4.9336,1.3236,4.11,3.61,3.4945
ALV-1690-20,Grove1992,zhm_ar,2,0.02,1163,gl-ol-cp-pl,49.8,2.35,13.6,12.2,0.25,6.7,10.5,3.23,0.19,0.32,,0,99.14,6.04,3.8542,0.4342,2.62,3.42,2.77
ALV-1690-20,Grove1992,zhm_ar,2,0.02,1152,gl-ol-cp-pl,50,2.47,13.7,11.7,0.19,6.6,10.5,3.36,0.22,0.36,,0,99.1,6.2,3.957,0.377,2.62,3.58,3.1305
ALV-1690-20,Grove1992,zhm_ar,2,0.02,1148,gl-ol-cp-pl,49.8,2.3,13.7,12,0.22,6.68,10.7,3.18,0.19,0.32,,0,99.09,6.04,3.8542,0.4842,2.67,3.37,3.4805
ALV-1690-20,Grove1992,zhm_ar,2,0.02,1145,gl-ol-cp-pl,49.8,3.32,12.9,12.9,0.27,6.08,9.86,3.11,0.25,0.43,,0,98.92,6.04,3.8542,0.4942,2.68,3.36,4.4773
ALV-1690-20,Grove1992,zhm_ar,2,0.02,1126,gl-ol-cp-pl,49,3.7,12.5,13.6,0.25,5.91,9.66,3.29,0.28,0.53,,0,98.72,5.4,3.443,-0.127,1.83,3.57,4.9867
AII-96-18-1,Grove1992,Piston Cylinder,8,0.5,1240,gl-ol-cp-pl,50.2,1.4,15.8,9.48,0.14,8.01,10.6,3.13,0.12,0.15,,0.05,99.08,6.36,4.0598,0.8098,3.11,3.25,8.2161
AII-96-18-1,Grove1992,Piston Cylinder,8,0.5,1230,gl-ol-cp-pl,49.1,1.82,15.6,11.2,0.19,7.64,9.77,3.57,0.14,0.13,,0.03,99.19,5.48,3.4944,-0.2156,1.77,3.71,7.8417
AII-96-18-1,Grove1992,Piston Cylinder,8,0.5,1215,gl-ol-cp-pl,48.7,1.9,15.3,11.5,0.09,7.27,9.62,3.61,0.15,0.13,,0.08,98.35,5.16,3.2888,-0.4712,1.4,3.76,7.3128
ALV-528-1-1,Grove1992,Piston Cylinder,8,0.5,1265,gl-ol-cp-pl,49,0.9,16.3,9.79,0.13,9.12,11.5,2.33,0.11,0.06,,0.11,99.35,5.4,3.443,1.003,2.96,2.44,5.1168
ALV-528-1-1,Grove1992,Piston Cylinder,8,0.5,1250,gl-ol-cp-pl,49.3,0.89,15.9,10.1,0.15,8.46,11.9,2.23,0.12,,,0.08,99.13,5.64,3.5972,1.2472,3.29,2.35,6.9571
ALV-528-1-1,Grove1992,Piston Cylinder,8,0.5,1235,gl-ol-cp-pl,49.2,1.02,15.6,11.1,0.27,8.32,11.6,2.28,0.14,0.16,,0.11,99.8,5.56,3.5458,1.1258,3.14,2.42,9.0437
ALV-528-1-1,Grove1992,Piston Cylinder,8,0.5,1225,gl-ol-cp-pl,48.9,1.72,15.4,11.9,0.22,7.88,10.4,3.12,0.16,0.26,,0.08,100.04,5.32,3.3916,0.1116,2.04,3.28,4.8156
70-002,Grove1992,Piston Cylinder,8,0.5,1240,gl-ol-cp-pl,49.2,1.11,16,8.63,0.05,9.5,11.8,2.61,0.08,0.08,,0.11,99.17,5.56,3.5458,0.8558,2.87,2.69,7.2269
70-002,Grove1992,Piston Cylinder,8,0.5,1225,gl-ol-cp-pl,48.9,2.8,14.5,11.6,0.3,7.9,10.2,3.39,0.27,0.37,,0.08,100.31,5.32,3.3916,-0.2684,1.66,3.66,8.6869
70-002,Grove1992,Piston Cylinder,8,0.5,1210,gl-ol-cp-pl,49,3.06,14,14.1,0.23,6.47,9.58,3.22,0.26,0.4,,0.06,100.38,5.4,3.443,-0.037,1.92,3.48,9.4815
ALV-2004-3-1+10Ol,Grove1992,Piston Cylinder,10,0.5,1250,gl-ol-cp-pl,48.7,1.21,17.2,8.99,0.25,8.1,10,3.84,0.13,0.13,,0,98.55,5.16,3.2888,-0.6812,1.19,3.97,11.5976
ALV-2004-3-1+10Ol,Grove1992,Piston Cylinder,10,0.5,1235,gl-ol-cp-pl,48.6,1.59,17.2,10.2,0.15,8.52,10.2,3.19,0.16,0.16,,0.06,100.03,5.08,3.2374,-0.1126,1.73,3.35,-0.2989
AII-96-18-1,Tormey1987,1atm_furnace,0.001,0.00001,1171,gl-ol-cp-pl,50.4,2.15,13.5,11.2,0.24,6.73,11.1,3.27,0.17,,,0.02,98.78,6.52,4.1626,0.7226,3.08,3.44,0.8257
AII-96-18-1,Tormey1987,1atm_furnace,0.001,0.00001,1153,gl-ol-cp-pl,50.9,2.62,12.5,13.1,0.25,6.01,10.4,2.97,0.18,0.24,,0.03,99.2,6.92,4.4196,1.2696,3.77,3.15,1.0623
AII-96-18-1,Tormey1987,1atm_furnace,0.001,0.00001,1152,gl-ol-cp-pl,50.2,2.71,13,12.6,0.39,6.17,10.3,3.5,0.22,,,0.03,99.12,6.36,4.0598,0.3398,2.64,3.72,-0.0909
AII-78-3-102,Tormey1987,1atm_furnace,0.001,0.00001,1163,gl-ol-cp-pl,51.3,2.21,13.1,11.8,0.22,6.82,11.1,3.27,0.19,0.22,,0.03,100.26,7.24,4.6252,1.1652,3.78,3.46,2.3342
AII-78-3-102,Tormey1987,1atm_furnace,0.001,0.00001,1161,gl-ol-cp-pl,48.8,2.22,13.8,12.5,0.26,6.35,11.3,3.74,0.19,,,0.06,99.22,5.24,3.3402,-0.5898,1.31,3.93,-0.6303
AT-112,BakerEggler1987,1atm_furnace,0.001,0.00001,1100,gl-ol-cp-pl,52.3,3.27,12.3,13.7,0.34,3.83,8.61,2.15,1.46,0.46,,,98.42,8.04,5.1392,1.5292,4.43,3.61,0.4494
AT-112,BakerEggler1987,1atm_furnace,0.001,0.00001,1122,gl-ol-cp-pl,51.4,2.12,13,13.5,0.39,4.55,9.5,2.65,1.23,0.35,,,98.69,7.32,4.6766,0.7966,3.44,3.88,8.337
AT-1+Mix,BakerEggler1987,Piston Cylinder,8,0.5,1250,gl-ol-cp-pl,48.7,0.69,17.2,9.96,0.09,8.51,11.6,2.63,0.44,0.12,,,99.03,5.16,3.2888,0.2188,2.09,3.07,7.4588
AT-1+Mix,BakerEggler1987,Piston Cylinder,8,0.5,1200,gl-ol-cp-pl,48.2,0.98,16.7,9.83,0.17,8.13,11.8,2.64,0.42,0.23,,,99.1,4.76,3.0318,-0.0282,1.7,3.06,7.0575
AT-1+Mix,BakerEggler1987,Piston Cylinder,8,0.5,1200,gl-ol-cp-pl,47.8,1.21,15.9,11.3,0.25,7.17,11.5,2.77,0.55,0.19,,,98.64,4.44,2.8262,-0.4938,1.12,3.32,8.8639
M-46+Mix,BakerEggler1987,Piston Cylinder,8,0.5,1200,gl-ol-cp-pl,48.4,1.16,15.6,12.7,0.3,7.25,10.8,2.65,0.54,0.16,,,99.56,4.92,3.1346,-0.0554,1.73,3.19,-0.2153
29/02/2000,Yang1996,1atm_furnace,0.001,0.00001,1170,gl-ol-cp-pl,50.8,2.17,13.5,11,0.27,7.08,11.5,2.52,0.17,0.11,,,99.12,6.84,4.3682,1.6782,4.15,2.69,1.9867
29/02/2000,Yang1996,1atm_furnace,0.001,0.00001,1152,gl-ol-cp-pl,50.4,3.33,12.5,12.9,0.22,6.22,10.4,2.51,0.25,0.48,,,99.21,6.52,4.1626,1.4026,3.76,2.76,2.269
29/02/2000,Yang1996,1atm_furnace,0.001,0.00001,1134,gl-ol-cp-pl,50,4.14,12.1,13.4,0.23,5.75,10,2.55,0.28,0.54,,,98.99,6.2,3.957,1.127,3.37,2.83,0.6579
70-002,Yang1996,1atm_furnace,0.001,0.00001,1152,gl-ol-cp-pl,50.1,2.52,13.4,11.9,0.16,6.3,10.8,3.31,0.38,0.19,,,99.06,6.28,4.0084,0.3184,2.59,3.69,1.0325
70-002,Yang1996,1atm_furnace,0.001,0.00001,1140,gl-ol-cp-pl,50.3,2.8,13.2,12.2,0.28,5.9,10.3,3.25,0.45,0.25,,,98.93,6.44,4.1112,0.4112,2.74,3.7,3.0144
70-002,Yang1996,1atm_furnace,0.001,0.00001,1128,gl-ol-cp-pl,49.2,4.17,12,14.3,0.3,5.51,9.9,2.68,0.32,0.37,,,98.75,5.56,3.5458,0.5458,2.56,3,1.2642
67-032,Yang1996,1atm_furnace,0.001,0.00001,1171,gl-ol-cp-pl,50.4,2.1,13.5,11.7,0.22,7.05,11.5,2.66,0.17,0.26,,,99.56,6.52,4.1626,1.3326,3.69,2.83,1.5934
67-032,Yang1996,1atm_furnace,0.001,0.00001,1140,gl-ol-cp-pl,50.4,2.62,13,13,0.27,5.85,10.4,3.16,0.29,0.23,,,99.22,6.52,4.1626,0.7126,3.07,3.45,1.9216
67-032,Yang1996,1atm_furnace,0.001,0.00001,1128,gl-ol-cp-pl,49.8,3.56,12.6,13.4,0.31,5.31,9.7,3.38,0.57,0.34,,,98.97,6.04,3.8542,-0.0958,2.09,3.95,1.5511
67-032,Yang1996,1atm_furnace,0.001,0.00001,1110,gl-ol-cp-pl,49.8,4.92,11.7,14.2,0.21,4.7,8.88,3.32,0.68,0.45,,,98.86,6.04,3.8542,-0.1458,2.04,4,1.3157
64-002,Yang1996,1atm_furnace,0.001,0.00001,1160,gl-ol-cp-pl,50.2,2.3,13.4,11.9,0.22,6.76,11.2,3.03,0.22,0.26,,,99.49,6.36,4.0598,0.8098,3.11,3.25,2.2299
64-002,Yang1996,1atm_furnace,0.001,0.00001,1128,gl-ol-cp-pl,49.3,3.92,11.8,14,0.28,5.43,9.59,2.93,0.35,0.36,,,97.96,5.64,3.5972,0.3172,2.36,3.28,3.613
64-002,Yang1996,1atm_furnace,0.001,0.00001,1110,gl-ol-cp-pl,48.4,5.28,11.2,15.4,0.23,4.99,9.4,2.76,0.43,0.49,,,98.58,4.92,3.1346,-0.0554,1.73,3.19,1.0992
61-002,Yang1996,1atm_furnace,0.001,0.00001,1160,gl-ol-cp-pl,50.4,2.27,13.3,11.9,0.23,6.71,11.2,2.73,0.19,0.26,,,99.19,6.52,4.1626,1.2426,3.6,2.92,1.8521
61-002,Yang1996,1atm_furnace,0.001,0.00001,1140,gl-ol-cp-pl,50,2.98,12.8,13.1,0.28,6.06,10.5,2.91,0.31,0.26,,,99.2,6.2,3.957,0.737,2.98,3.22,2.4436
61-002,Yang1996,1atm_furnace,0.001,0.00001,1128,gl-ol-cp-pl,49.8,3.33,12.2,14.3,0.25,5.29,9.73,3.08,0.37,0.32,,,98.67,6.04,3.8542,0.4042,2.59,3.45,3.679
61-002,Yang1996,1atm_furnace,0.001,0.00001,1110,gl-ol-cp-pl,49.2,4.33,11.4,15.8,0.26,4.74,9.16,3.02,0.43,0.44,,,98.78,5.56,3.5458,0.0958,2.11,3.45,-0.7278
RE-46,Yang1996,1atm_furnace,0.001,0.00001,1198,gl-ol-cp-pl,51.2,0.8,14,10.1,0.19,8.81,13.4,1.46,0.03,0.11,,,100.1,7.16,4.5738,3.0838,5.67,1.49,0.3387
RE-46,Yang1996,1atm_furnace,0.001,0.00001,1170,gl-ol-cp-pl,52,1.15,13.3,12.2,0.22,7.31,12,1.61,0.02,0.14,,,99.95,7.8,4.985,3.355,6.17,1.63,0.2917
RE-46,Yang1996,1atm_furnace,0.001,0.00001,1179,gl-ol-cp-pl,51.3,0.85,14,11,0.21,8,12.7,1.8,0.04,0.12,,,100.02,7.24,4.6252,2.7852,5.4,1.84,-1.4485
RE-46,Yang1996,1atm_furnace,0.001,0.5,1202,gl-ol-cp-pl,50.5,0.68,14.1,9.57,0.14,9.04,14.1,1.58,0.03,0.12,,,99.86,6.6,4.214,2.604,4.99,1.61,1.804
Fe,ToplisCarroll1995,1atm_furnace,0.001,0.00001,1130,gl-ol-cp-pl,48.17,4.2,11.8,15.73,,5.17,10.56,2.57,0.55,,,,98.75,4.736,3.01638,-0.10362,1.616,3.12,0.2467
Fe,ToplisCarroll1995,1atm_furnace,0.001,0.00001,1125,gl-ol-cp-pl,49,4.1,11.82,15.18,,5.18,10.9,2.6,0.47,,,,99.25,5.4,3.443,0.373,2.33,3.07,0.5807
Fe,ToplisCarroll1995,1atm_furnace,0.001,0.00001,1125,gl-ol-cp-pl,48.6,4.35,11.82,15.06,,5.03,10.6,2.63,0.47,,,,98.56,5.08,3.2374,0.1374,1.98,3.1,1.3275
Fe,ToplisCarroll1995,1atm_furnace,0.001,0.00001,1115,gl-ol-cp-pl,49,4.62,11.68,15.74,,4.69,9.71,2.79,0.58,,,,98.81,5.4,3.443,0.073,2.03,3.37,3.248
Fe,ToplisCarroll1995,1atm_furnace,0.001,0.00001,1115,gl-ol-cp-pl,48.3,4.45,11.58,16.03,,4.71,8.8,2.73,0.53,,,,97.13,4.84,3.0832,-0.1768,1.58,3.26,1.2189
Fe,ToplisCarroll1995,1atm_furnace,0.001,0.00001,1105,gl-ol-cp-pl,48.7,5.1,11.15,16.3,,4.23,9.3,2.9,0.57,,,,98.25,5.16,3.2888,-0.1812,1.69,3.47,0.5489
Fe,ToplisCarroll1995,1atm_furnace,0.001,0.00001,1126,gl-ol-cp-pl,48.4,4.4,12.12,14.87,,4.93,10.8,2.66,0.59,,,,98.77,4.92,3.1346,-0.1154,1.67,3.25,1.1835
Fe,ToplisCarroll1995,1atm_furnace,0.001,0.00001,1110,gl-ol-cp-pl,48.07,5.16,11.23,16.33,,4.27,9.93,2.78,0.62,,,,98.39,4.656,2.96498,-0.43502,1.256,3.4,1.6598
B1,Berndt2005,IHPV,2.06,0.02,1150,gl-ol-cp-pl,50.91,0.92,16.79,8.04,0.15,7.74,12.78,2.47,0.1,0.1,0.38,,100.38,6.928,4.42474,1.85474,4.358,2.57,3.4457
B1,Berndt2005,IHPV,2.04,0.02,1100,gl-ol-cp-pl,51.26,1.19,17.52,9.2,0.19,5.63,12.03,2.7,0.11,0.16,0.85,,100.84,7.208,4.60464,1.79464,4.398,2.81,3.7438
FG1-Am,Thy2006,1atm_furnace,0.001,0.00001,1163,gl-ol-cp-pl,48.57,2.41,13.51,14,0.25,6.39,11.52,1.92,0.81,0.21,,,99.59,5.056,3.22198,0.49198,2.326,2.73,3.7545
FG1-Am,Thy2006,1atm_furnace,0.001,0.00001,1154,gl-ol-cp-pl,48.13,2.63,13.01,14.48,0.24,5.95,11.12,1.92,0.83,0.24,,,98.55,4.704,2.99582,0.24582,1.954,2.75,4.5706
FG1-Am,Thy2006,1atm_furnace,0.001,0.00001,1144,gl-ol-cp-pl,48.68,2.73,12.93,15.51,0.23,5.63,10.8,1.91,0.83,0.25,,,99.5,5.144,3.27852,0.53852,2.404,2.74,4.3225
FG1-Am,Thy2006,1atm_furnace,0.001,0.00001,1135,gl-ol-cp-pl,48.13,3.22,12.72,15.59,0.2,5.06,10.25,2.02,1.2,0.34,,,98.73,4.704,2.99582,-0.22418,1.484,3.22,4.9089
FG1-Am,Thy2006,1atm_furnace,0.001,0.00001,1126,gl-ol-cp-pl,48.22,3.43,12.53,16.37,0.24,4.81,9.94,2.02,1.25,0.32,,,99.13,4.776,3.04208,-0.22792,1.506,3.27,3.7858
FG1-Am,Thy2006,1atm_furnace,0.001,0.00001,1117,gl-ol-cp-pl,48.63,3.91,12.19,16.54,0.21,4.21,9.49,2.05,1.36,0.34,,,98.93,5.104,3.25282,-0.15718,1.694,3.41,4.0675
FG1-Am,Thy2006,1atm_furnace,0.001,0.00001,1197,gl-ol-cp-pl,48.78,4.32,12.08,16.76,0.24,4.13,9.18,2,1.42,0.36,,,99.27,5.224,3.32992,-0.09008,1.804,3.42,2.0663
FG1-Ac,Thy2006,1atm_furnace,0.001,0.00001,1201,gl-ol-cp-pl,49.88,1.69,14.57,10.89,0.27,7.99,12.64,2.24,0.25,0.17,,,100.59,6.104,3.89532,1.40532,3.614,2.49,1.9674
FG1-Ac,Thy2006,1atm_furnace,0.001,0.00001,1179,gl-ol-cp-pl,49.44,2.2,13.93,11.9,0.2,7.15,12.17,2.22,0.3,0.2,,,99.71,5.752,3.66916,1.14916,3.232,2.52,3.7979
FG1-Ac,Thy2006,1atm_furnace,0.001,0.00001,1161,gl-ol-cp-pl,48.62,2.79,12.93,13.91,0.2,6.07,10.66,2.61,0.43,0.28,,,98.5,5.096,3.24768,0.20768,2.056,3.04,5.3279
FG1-Ac,Thy2006,1atm_furnace,0.001,0.00001,1138,gl-ol-cp-pl,48.07,4.03,12.04,15.89,0.28,4.81,9.61,2.35,0.69,0.44,,,98.21,4.656,2.96498,-0.07502,1.616,3.04,4.2683
FG1-Bm,Thy2006,1atm_furnace,0.001,0.00001,1163,gl-ol-cp-pl,48.22,2.52,13.13,14.12,0.26,6.39,11.43,2.34,0.43,0.24,,,99.08,4.776,3.04208,0.27208,2.006,2.77,4.4218
FG1-Bm,Thy2006,1atm_furnace,0.001,0.00001,1154,gl-ol-cp-pl,48.4,2.68,12.69,14.99,0.3,6.04,10.97,2.43,0.47,0.22,,,99.19,4.92,3.1346,0.2346,2.02,2.9,5.5819
FG1-Bm,Thy2006,1atm_furnace,0.001,0.00001,1144,gl-ol-cp-pl,47.99,2.99,12.43,15.96,0.26,5.69,10.75,2.38,0.47,0.27,,,99.19,4.592,2.92386,0.07386,1.742,2.85,3.4715
FG1-Bm,Thy2006,1atm_furnace,0.001,0.00001,1135,gl-ol-cp-pl,47.8,3.26,12.18,16.47,0.26,3.33,10.41,2.26,0.63,0.29,,,96.89,4.44,2.8262,-0.0638,1.55,2.89,5.9105
FG1-Bm,Thy2006,1atm_furnace,0.001,0.00001,1126,gl-ol-cp-pl,47.69,3.86,11.78,17.25,0.27,4.78,9.94,2.45,0.73,0.31,,,99.06,4.352,2.76966,-0.41034,1.172,3.18,5.7382
FG1-Bm,Thy2006,1atm_furnace,0.001,0.00001,1117,gl-ol-cp-pl,47.36,4.37,11.45,17.26,0.26,4.31,9.76,2.32,0.71,0.43,,,98.23,4.088,2.60004,-0.42996,1.058,3.03,8.4363
FG1-Bm,Thy2006,1atm_furnace,0.001,0.00001,1106,gl-ol-cp-pl,47.05,4.92,11.04,18.79,0.31,4.53,9.43,2.26,0.7,0.49,,,99.52,3.84,2.4407,-0.5193,0.88,2.96,4.302
FG1-Bc,Thy2006,1atm_furnace,0.001,0.00001,1161,gl-ol-cp-pl,47.67,3.01,12.47,14.51,0.25,5.81,10.65,2.56,0.45,0.3,,,97.68,4.336,2.75938,-0.25062,1.326,3.01,5.8911
FG1-Bc,Thy2006,1atm_furnace,0.001,0.00001,1116,gl-ol-cp-pl,47.88,4.59,11.14,17.52,0.29,4.2,9.33,2.41,0.75,0.58,,,98.69,4.504,2.86732,-0.29268,1.344,3.16,7.7459
FG1-Cm,Thy2006,1atm_furnace,0.001,0.00001,1144,gl-ol-cp-pl,47.68,3.11,12.94,15.87,0.23,5.81,10.44,2.37,0.45,0.35,,,99.25,4.344,2.76452,-0.05548,1.524,2.82,9.2603
FG1-Cm,Thy2006,1atm_furnace,0.001,0.00001,1135,gl-ol-cp-pl,47.59,3.87,12.52,17.4,0.25,5.4,10.06,2.52,0.56,0.42,,,100.59,4.272,2.71826,-0.36174,1.192,3.08,9.9086
FG1-Cm,Thy2006,1atm_furnace,0.001,0.00001,1126,gl-ol-cp-pl,46.78,4.14,12.06,18.07,0.26,5.06,9.87,2.57,0.58,0.42,,,99.81,3.624,2.30192,-0.84808,0.474,3.15,10.9876
FG1-Cm,Thy2006,1atm_furnace,0.001,0.00001,1117,gl-ol-cp-pl,46.17,4.5,11.79,18.66,0.28,4.66,9.58,2.48,0.61,0.47,,,99.2,3.136,1.98838,-1.10162,0.046,3.09,10.1536
FG1-Cm,Thy2006,1atm_furnace,0.001,0.00001,1107,gl-ol-cp-pl,46.97,5.13,11.07,19.49,0.32,4.37,9.77,2.19,0.63,0.71,,,100.65,3.776,2.39958,-0.42042,0.956,2.82,5.7559
FG1-Cc,Thy2006,1atm_furnace,0.001,0.00001,1138,gl-ol-cp-pl,47.47,4.21,11.84,15.84,0.23,5.19,9.88,2.46,0.44,0.42,,,97.98,4.176,2.65658,-0.24342,1.276,2.9,6.0526
FG1-Dc,Thy2006,1atm_furnace,0.001,0.00001,1117,gl-ol-cp-pl,48.18,5.2,11.56,16.64,0.22,4.78,9.4,2.54,0.58,0.56,,,99.66,4.744,3.02152,-0.09848,1.624,3.12,5.8572
FG1-Dc,Thy2006,1atm_furnace,0.001,0.00001,1106,gl-ol-cp-pl,48.45,5.17,11.33,16.91,0.28,4.49,9.02,2.55,0.67,0.59,,,99.46,4.96,3.1603,-0.0597,1.74,3.22,6.0775
FG1-Dc,Thy2006,1atm_furnace,0.001,0.00001,1138,gl-ol-cp-pl,48.6,4.39,12.01,16.87,0.25,5.08,9.76,2.48,0.59,0.36,,,100.39,5.08,3.2374,0.1674,2.01,3.07,3.9991
B1,Botcharnikov2008,IHPV,2,0.02,1100,gl-ol-cp-pl,48.79,3.7,13.84,14.08,,4.93,10.01,2.97,0.35,,1.9,,100.57,5.232,3.33506,0.01506,1.912,3.32,3.0072
B1,Botcharnikov2008,IHPV,2,0.02,1100,gl-ol-cp-pl,49.95,3.72,14.59,12.78,,5.14,10.16,2.95,0.38,,0.6,,100.27,6.16,3.9313,0.6013,2.83,3.33,5.0723
B1,Botcharnikov2008,IHPV,2,0.02,1075,gl-ol-cp-pl,48.63,4.59,13.55,15.12,,4.11,8.98,2.95,0.52,,2,,100.45,5.104,3.25282,-0.21718,1.634,3.47,0.7681
R6a,Feig2010,IHPV,2.017,0.02,1140,gl-ol-cp-pl,53.43,0.5,18.53,4.57,,7.39,11.28,3.67,,,,,99.38,8.944,5.72002,2.05002,5.274,3.67,0.7798
R6a,Feig2010,IHPV,2.056,0.02,1180,gl-ol-cp-pl,52.3,0.5,17.28,6.93,,7.63,11.77,3.37,0.09,,,,99.86,8.04,5.1392,1.6792,4.58,3.46,16.6896
ICPP123-260,Whitaker2007,Piston Cylinder,9.3,0.5,1220,gl-ol-cp-pl,45.08,2.47,15.9,13.21,0.18,6.46,9.13,3.04,0.81,0.5,0.11,,96.89,2.264,1.42812,-2.42188,-1.586,3.85,21.4044
ICPP123-260,Whitaker2007,Piston Cylinder,9.3,0.5,1200,gl-ol-cp-pl-sp,43.81,3.37,15.35,14.66,0.18,5.77,8.44,3.25,1.15,0.75,0.21,,96.94,1.248,0.77534,-3.62466,-3.152,4.4,28.144
ICPP123-260,Whitaker2007,Piston Cylinder,9.3,0.5,1180,gl-ol-cp-pl-sp,41.88,4.57,14.62,15.13,0.25,5.45,8.14,3.02,1.35,1.27,0.34,,96.02,-0.296,-0.21668,-4.58668,-4.666,4.37,8.798
ICPP123-260,Whitaker2007,Piston Cylinder,6.8,0.5,1200,gl-ol-cp-pl,47.32,2.35,15.17,12.14,0.19,6.81,10.43,2.61,0.66,0.42,0.1,,98.2,4.056,2.57948,-0.69052,0.786,3.27,8.1637
ICPP123-260,Whitaker2007,Piston Cylinder,6.8,0.5,1180,gl-ol-cp-pl,46.68,2.76,14.2,13.14,0.21,6.1,9.99,2.74,0.96,0.51,0.12,,97.41,3.544,2.25052,-1.44948,-0.156,3.7,10.3219
ICPP123-260,Whitaker2007,Piston Cylinder,6.8,0.5,1160,gl-ol-cp-pl,45.38,3.24,14.03,13.85,0.22,5.35,9.48,3.2,1.07,0.59,0.17,,96.58,2.504,1.58232,-2.68768,-1.766,4.27,12.5808
ICPP123-260,Whitaker2007,Piston Cylinder,6.8,0.5,1140,gl-ol-cp-pl,44.48,5.66,12.9,14.96,0.26,4.95,9.11,2.82,1.56,1.19,0.37,,98.26,1.784,1.11972,-3.26028,-2.596,4.38,5.1153
ICPP123-260,Whitaker2007,Piston Cylinder,4.3,0.5,1180,gl-ol-cp-pl,47.66,2.75,14.07,12.5,0.22,6,10.68,2.89,0.78,0.46,0.11,,98.12,4.328,2.75424,-0.91576,0.658,3.67,7.1119
ICPP123-260,Whitaker2007,Piston Cylinder,4.3,0.5,1160,gl-ol-cp-pl,46.18,3.36,13.8,13.02,0.2,5.23,9.91,3.05,1.04,0.67,0.16,,96.62,3.144,1.99352,-2.09648,-0.946,4.09,7.5817
ICPP123-260,Whitaker2007,Piston Cylinder,4.3,0.5,1140,gl-ol-cp-pl,45.99,4.33,13.34,13.34,0.2,4.72,9.25,3.03,1.37,0.96,0.24,,96.77,2.992,1.89586,-2.50414,-1.408,4.4,4.3821
ICPP123-260,Whitaker2007,Piston Cylinder,2.8,0.5,1160,gl-ol-cp-pl,47.79,2.85,13.95,12.55,0.17,5.73,10.72,3.07,0.88,0.52,0.11,,98.34,4.432,2.82106,-1.12894,0.482,3.95,5.5008
ICPP123-260,Whitaker2007,Piston Cylinder,2.8,0.5,1140,gl-ol-cp-pl,47.35,3.42,13.37,13.41,0.22,5.18,10.15,3.12,1.05,0.74,0.16,,98.17,4.08,2.5949,-1.5751,-0.09,4.17,4.7465
ICPP123-260,Whitaker2007,Piston Cylinder,2.8,0.5,1120,gl-ol-cp-pl,48.01,4.17,13.25,13.39,0.23,4.81,9.57,3.47,1.42,0.86,0.26,,99.44,4.608,2.93414,-1.95586,-0.282,4.89,1.695
ICPP123-260,Whitaker2007,1atm_furnace,0.001,0.00001,1150,gl-ol-cp-pl-sp,48.1,2.82,12.78,12.44,0.2,6.25,11.2,2.44,0.74,0.47,,,97.44,4.68,2.9804,-0.1996,1.5,3.18,4.0386
ICPP123-260,Whitaker2008,Piston Cylinder,4.3,0.5,1180,gl-ol-cp-pl,48.05,2.09,14.89,10.8,0.2,6.83,11.56,2.6,0.58,0.36,0.5,,98.46,4.64,2.9547,-0.2253,1.46,3.18,5.0357
ICPP123-260,Whitaker2008,Piston Cylinder,4.3,0.5,1160,gl-ol-cp-pl,47.17,2.4,14.51,11.41,0.25,6.15,10.78,2.79,0.67,0.39,0.6,,97.12,3.936,2.50238,-0.95762,0.476,3.46,11.1679
ICPP123-260,Whitaker2008,Piston Cylinder,4.3,0.5,1140,gl-ol-cp-pl,46.39,2.67,14.38,14.38,0.21,5.55,9.81,3.01,0.85,0.63,0.8,,98.68,3.312,2.10146,-1.75854,-0.548,3.86,9.6366
ICPP123-260,Whitaker2008,Piston Cylinder,4.3,0.5,1120,gl-ol-cp-pl,47,3.17,14.21,14.21,0.16,4.88,8.73,3.04,1,0.56,1,,97.96,3.8,2.415,-1.625,-0.24,4.04,7.2922
ICPP123-260,Whitaker2008,Piston Cylinder,4.3,0.5,1100,gl-ol-cp-pl,47.73,4.42,14.01,14.01,0.21,4.12,9.08,3.15,1.42,0.86,1.8,,100.81,4.384,2.79022,-1.77978,-0.186,4.57,-0.7923
R6a,Feig2006,IHPV,2.018,0.02,1160,gl-ol-cp-pl,52.06,0.48,16.83,5.88,0.14,7.14,11.42,3.57,0.06,,0.9,,99.88,7.848,5.01584,1.38584,4.218,3.63,-0.8764
R6a,Feig2006,IHPV,1.015,0.02,1160,gl-ol-cp-pl-sp,52.79,0.42,17.38,5.56,0.14,7.73,12.2,3.3,0.05,,1,,99.27,8.432,5.39106,2.04106,5.082,3.35,-1.6505
R6a,Feig2006,IHPV,1.015,0.02,1160,gl-ol-cp-pl-sp,53.98,0.47,17.11,5.23,0.15,7.57,11.73,3.35,0.06,,0.8,,99.65,9.384,6.00272,2.59272,5.974,3.41,-0.2265
R6a,Feig2006,IHPV,1.04,0.02,1140,gl-ol-cp-pl,52.74,0.62,16.06,7.86,0.18,6.43,10.75,3.76,0.07,,1.1,,98.47,8.392,5.36536,1.53536,4.562,3.83,-0.8213
R6a,Feig2006,IHPV,1.04,0.02,1140,gl-ol-cp-pl,53.06,0.65,16.04,7.83,0.12,6.43,10.91,3.82,0.07,,1.3,,98.93,8.648,5.52984,1.63984,4.758,3.89,5.3908
R6a,Feig2006,IHPV,5.01,0.02,1160,gl-ol-cp-pl,52.7,0.81,17.46,8.52,0.2,6.29,9.24,3.92,0.09,,1.3,,99.23,8.36,5.3448,1.3348,4.35,4.01,3.7698
AH6,Husen2016,IHPV,1.02,0.02,1150,gl-ol-cp-pl,47.43,1.67,14.21,14.29,0.28,5.6,13.25,3.01,0.26,0,0.05,0.06,100.11,4.144,2.63602,-0.63398,0.874,3.27,2.3621
AH6,Husen2016,IHPV,1.03,0.02,1175,gl-ol-cp-pl,48.23,1.16,15.29,11.44,0.2,7.15,13.91,2.44,0.18,0,0.05,0.06,100.11,4.784,3.04722,0.42722,2.164,2.62,9.601
AH6,Husen2016,IHPV,2.02,0.02,1150,gl-ol-cp-pl,45.73,1.87,13.21,16.66,0.33,6.17,12.33,3.34,0.35,0,0.07,0.11,100.17,2.784,1.76222,-1.92778,-0.906,3.69,2.911
AH6,Husen2016,IHPV,2.03,0.02,1175,gl-ol-cp-pl,48.33,1.22,15.21,11.4,0.18,7.49,13.54,2.5,0.14,0,0.08,0.05,100.14,4.864,3.09862,0.45862,2.224,2.64,1.7669
AH6,Husen2016,IHPV,2.02,0.02,1200,gl-ol-cp-pl,48.94,1.03,15.63,10.37,0.23,7.81,14.04,2.64,0.12,0,0.07,0.07,100.95,5.352,3.41216,0.65216,2.592,2.76,10.2878
AH6,Husen2016,IHPV,4.02,0.02,1175,gl-ol-cp-pl,46.18,1.63,15.42,14.34,0.25,6.32,12.25,3.38,0.22,0,0.06,0.04,100.09,3.144,1.99352,-1.60648,-0.456,3.6,6.0649
AH6,Husen2016,IHPV,4.02,0.02,1200,gl-ol-cp-pl,47.63,1.07,15.99,11.5,0.23,7.74,13.31,2.4,0.14,0,0.1,0.05,100.16,4.304,2.73882,0.19882,1.764,2.54,10.4454
AH6,Husen2016,IHPV,7,0.02,1225,gl-ol-cp-pl,47.32,1.15,16.81,12.01,0.22,7.68,12.13,2.53,0.15,0,0.07,0.03,100.1,4.056,2.57948,-0.10052,1.376,2.68,7.2716
AH3,Husen2016,IHPV,1.01,0.02,1125,gl-ol-cp-pl,47.6,2.79,13.6,15.23,0.37,4.94,11.11,3.53,0.38,0.44,0.08,0,100.07,4.28,2.7234,-1.1866,0.37,3.91,3.1738
AH3,Husen2016,IHPV,1.06,0.02,1150,gl-ol-cp-pl,48.82,2.18,13.84,14.15,0.3,5.61,11.74,3.01,0.35,0,0.08,0,100.08,5.256,3.35048,-0.00952,1.896,3.36,6.7226
AH3,Husen2016,IHPV,2.03,0.02,1125,gl-ol-cp-pl,47.37,3.12,13.11,16.37,0.29,5.1,10.66,3.55,0.42,0,0.04,0,100.03,4.096,2.60518,-1.36482,0.126,3.97,4.8306
AH3,Husen2016,IHPV,2.02,0.02,1150,gl-ol-cp-pl,48.48,2.26,14.38,14.08,0.33,5.54,11.51,3.14,0.3,0,0.06,0,100.08,4.984,3.17572,-0.26428,1.544,3.44,2.2798
AH3,Husen2016,IHPV,2.02,0.02,1175,gl-ol-cp-pl,49.39,1.74,14.71,11.99,0.25,6.6,12.28,2.82,0.21,0,0.08,0,100.07,5.712,3.64346,0.61346,2.682,3.03,9.2571
AH3,Husen2016,IHPV,4.01,0.02,1150,gl-ol-cp-pl,46.16,3.5,11.61,18.56,0.3,6.04,10.62,2.77,0.44,0,0.08,0,100.08,3.128,1.98324,-1.22676,-0.082,3.21,6.802
AH3,Husen2016,IHPV,4.02,0.02,1175,gl-ol-cp-pl,48.48,1.99,14.89,12.97,0.28,6.52,11.48,2.85,0.26,0.28,0.07,0,100.07,4.984,3.17572,0.06572,1.874,3.11,15.4434
AH3,Husen2016,IHPV,7,0.02,1175,gl-ol-cp-pl,45.61,3.2,14.45,17.62,0.32,5,9.69,3.29,0.41,0,0.08,0,99.67,2.688,1.70054,-1.99946,-1.012,3.7,6.8834
AH5,Husen2016,IHPV,2.03,0.02,1125,gl-ol-cp-pl,49.06,2.86,12.65,16.22,0.49,4.79,10.05,3.02,0.34,0.52,0.09,0,100.09,5.448,3.47384,0.11384,2.088,3.36,14.5266
AH5,Husen2016,IHPV,4.02,0.02,1125,gl-ol-cp-pl,46.26,4.1,11.93,20.07,0.59,4.04,9.16,2.93,0.41,0.51,0.08,0,100.08,3.208,2.03464,-1.30536,-0.132,3.34,9.727
AH6,Husen2016,IHPV,1.02,,1100,gl-ol-cp-pl-ox,47.1,1.83,15.53,15.22,0.21,5,11.31,3.51,0.29,0,0.59,0.02,100.61,3.88,2.4664,-1.3336,0.08,3.8,6.8145
AH6,Husen2016,IHPV,1.05,,1125,gl-ol-cp-pl,47.81,1.6,15.06,13.85,0.25,6.04,11.74,3.4,0.25,0,0.37,0.04,100.41,4.448,2.83134,-0.81866,0.798,3.65,5.2087
AH6,Husen2016,IHPV,1.05,,1135,gl-ol-cp-pl,48.39,1.33,15.33,12.23,0.23,6.94,12.14,3.22,0.18,0,0.54,0.01,100.54,4.912,3.12946,-0.27054,1.512,3.4,5.0291
AH6,Husen2016,IHPV,1.08,,1155,gl-ol-cp-pl,48.22,1.35,14.9,12.76,0.23,6.78,12.5,2.99,0.18,0.1,0.59,0.04,100.64,4.776,3.04208,-0.12792,1.606,3.17,2.3228
AH6,Husen2016,IHPV,1.04,,1175,gl-ol-cp-pl,48.37,0.94,16.32,9.13,0.2,7.99,13.9,2.43,0.11,0,0.71,0.04,100.14,4.896,3.11918,0.57918,2.356,2.54,8.1801
AH6,Husen2016,IHPV,2.05,,1125,gl-ol-cp-pl,48.88,1.47,16.01,13.02,0.24,6.24,10.91,3.03,0.21,0,0.59,0.03,100.63,5.304,3.38132,0.14132,2.064,3.24,4.9786
AH6,Husen2016,IHPV,2.03,,1175,gl-ol-cp-pl-sp,47.83,1.27,15.71,11.14,0.25,7.36,12.73,2.79,0.13,0,0.59,0.04,99.84,4.464,2.84162,-0.07838,1.544,2.92,13.8674
AH6,Husen2016,IHPV,4.01,,1125,gl-ol-cp-pl-ox,47.39,1.94,16.32,15.11,0.3,5.32,9.77,3.51,0.34,0,0.59,0.02,100.61,4.112,2.61546,-1.23454,0.262,3.85,12.3152
AH6,Husen2016,IHPV,3.97,,1150,gl-ol-cp-pl-ox,47.54,2.15,15.41,14.81,0.29,5.99,10.05,3.16,0.39,0.19,0.59,0.02,100.59,4.232,2.69256,-0.85744,0.682,3.55,10.1081
AH6,Husen2016,IHPV,4.01,,1175,gl-ol-cp-pl-ox,47.03,1.24,16.21,12.4,0.19,7.41,11.67,2.74,0.14,0,0.59,0.03,99.65,3.824,2.43042,-0.44958,0.944,2.88,8.7091
AH6,Husen2016,IHPV,4.02,,1200,gl-ol-cp-pl,47.32,1.11,16.52,11.2,0.26,7.62,12,2.72,0.13,0,0.59,0,99.47,4.056,2.57948,-0.27052,1.206,2.85,5.8006
AH3,Husen2016,IHPV,1.02,,1100,gl-ol-cp-pl,48.63,2.25,14.43,14.31,0.24,5.63,10.84,3.36,0.31,0,0.43,0,100.43,5.104,3.25282,-0.41718,1.434,3.67,3.8555
AH3,Husen2016,IHPV,1.05,,1125,gl-ol-cp-pl,49.3,2,14.82,12.89,0.24,5.89,11.37,3.2,0.27,0,0.48,0,100.46,5.64,3.5972,0.1272,2.17,3.47,1.8465
AH3,Husen2016,IHPV,1.05,,1135,gl-ol-cp-pl,49.8,1.57,15.79,10.33,0.22,6.68,12.38,3.03,0.21,0,0.55,0,100.56,6.04,3.8542,0.6142,2.8,3.24,2.0582
AH3,Husen2016,IHPV,1.08,,1155,gl-ol-cp-pl,49.61,1.56,15.17,10.62,0.18,7.24,12.61,2.67,0.2,0.14,0.51,0,100.51,5.888,3.75654,0.88654,3.018,2.87,8.1587
AH3,Husen2016,IHPV,2.02,,1075,gl-ol-cp-pl,48.4,2.9,14.65,15.37,0.3,4.73,9.84,3.39,0.42,0,0.48,0,100.48,4.92,3.1346,-0.6754,1.11,3.81,10.7676
AH3,Husen2016,IHPV,2.01,,1100,gl-ol-cp-pl,48.56,2.64,14.7,15.29,0.26,5.04,9.53,3.2,0.37,0.42,0.26,0,100.27,5.048,3.21684,-0.35316,1.478,3.57,5.519
AH3,Husen2016,IHPV,2.05,,1125,gl-ol-cp-pl,49.57,1.93,15.66,12.46,0.24,5.88,10.86,3.12,0.28,0,0.75,0,100.75,5.856,3.73598,0.33598,2.456,3.4,11.2378
AH3,Husen2016,IHPV,4.01,,1125,gl-ol-cp-pl,48.21,2.39,15.31,15.27,0.27,5.43,9.41,3.33,0.38,0,0.55,0,100.55,4.768,3.03694,-0.67306,1.058,3.71,11.8962
AH3,Husen2016,IHPV,3.97,,1150,gl-ol-cp-pl,47.7,2.35,14.95,15.34,0.21,5.87,9.89,3.13,0.32,0.2,0.37,0,100.33,4.36,2.7748,-0.6752,0.91,3.45,7.1836
AH5,Husen2016,IHPV,2.02,,1075,gl-ol-cp-pl,49.88,2.68,14.22,15.46,0.47,4.52,9.22,3.22,0.33,0,0.79,0,100.79,6.104,3.89532,0.34532,2.554,3.55,9.1814
AH5,Husen2016,IHPV,2.01,,1100,gl-ol-cp-pl,49.06,2.56,13.67,15.79,0.46,5.09,9.59,3.08,0.28,0.42,0.63,0,100.63,5.448,3.47384,0.11384,2.088,3.36,4.1508
Y0166-6,"Neave et al., 2019 (HAL)",IHPV,3,,1200,gl-ol-cp-pl,50.37,0.87,16.07,9.86,0.16,8.43,12.83,1.7,0.09,0.19,,0.03,100.61,6.496,4.14718,2.35718,4.706,1.79,8.0993
Y0174-12,"Neave et al., 2019 (HAL)",IHPV,3,,1180,gl-ol-cp-pl,49.47,1.09,15.58,12.6,0.27,7.56,11.63,1.84,0.13,0.18,,0.02,100.36,5.776,3.68458,1.71458,3.806,1.97,7.9029
Y0175-10,"Neave et al., 2019 (HAL)",IHPV,3,,1160,gl-ol-cp-pl,49.91,1.21,15.44,13.1,0.22,6.95,11.06,2.03,0.16,0.16,,0.02,100.25,6.128,3.91074,1.72074,3.938,2.19,10.3124
Y0188-10,"Neave et al., 2019 (HAL)",IHPV,3,,1140,gl-ol-cp-pl-Ca.cpx,48.92,1.53,15.09,13.65,0.27,6.55,10.28,2.26,0.24,0.41,,0.01,99.2,5.336,3.40188,0.90188,2.836,2.5,9.1344
Y0212-10,"Neave et al., 2019 (HAL)",IHPV,3,,1160,gl-cp-pl-Ca.cpx,48.7,1.29,14.77,14.17,0.18,6.93,10.73,1.92,0.16,0.12,,0,98.86,5.16,3.2888,1.2088,3.08,2.08,9.8072
Y0214-11,"Neave et al., 2019 (HAL)",IHPV,3,,1140,gl-cp-pl-Ca.cpx,48.19,1.76,13.64,16.02,0.24,6.08,10.03,1.89,0.22,0.17,,0,98.07,4.752,3.02666,0.91666,2.642,2.11,2.5899
Y0216-1,"Neave et al., 2019 (HAL)",IHPV,3,,1200,gl-ol-cp-pl,50.23,0.93,15.15,10.53,0.2,8.04,12.8,1.79,0.11,0.14,,0.05,99.98,6.384,4.07522,2.17522,4.484,1.9,3.6952
Y0206-1,"Neave et al., 2019 (HAL)",IHPV,3,,1180,gl-ol-cp-pl,48.82,1.45,13.46,12.79,0.25,7.32,11.84,1.87,0.17,0.22,,0.04,98.22,5.256,3.35048,1.31048,3.216,2.04,8.0063
Y0200-1,"Neave et al., 2019 (HAL)",IHPV,3,,1160,gl-ol-cp-pl,46.65,2.43,12.56,14.81,0.31,6.33,10.67,1.83,0.24,0.51,,0.05,96.38,3.52,2.2351,0.1651,1.45,2.07,7.9099
Y0175-11,"Neave et al., 2019 (STA)",IHPV,3,,1160,gl-ol-cp-pl,49.13,1.89,15.31,12.83,0.23,7.04,11,2.42,0.31,0.23,,0.04,100.44,5.504,3.50982,0.77982,2.774,2.73,9.3283
Y0188-11,"Neave et al., 2019 (STA)",IHPV,3,,1140,gl-ol-cp-pl-Ca.cpx,48.5,2.38,14.55,13.76,0.21,6.3,9.78,2.41,0.37,0.36,,0.01,98.28,5,3.186,0.406,2.22,2.78,4.3795
Y0206-2,"Neave et al., 2019 (STA)",IHPV,3,,1180,gl-ol-cp-pl,49.45,2.34,14.26,12.4,0.22,6.7,11.3,2.26,0.32,0.32,,0.03,99.6,5.76,3.6743,1.0943,3.18,2.58,6.1507
Y0200-2,"Neave et al., 2019 (STA)",IHPV,3,,1160,gl-ol-cp-pl,48.67,3.21,13.29,14.16,0.26,5.91,10.4,2.32,0.42,0.5,,0.03,99.17,5.136,3.27338,0.53338,2.396,2.74,7.1109
Y0204-2,"Neave et al., 2019 (STA)",IHPV,3,,1140,gl-ol-cp-pl,46.65,4.21,12.04,14.94,0.26,5.41,9.86,2.26,0.6,0.75,,0.02,96.99,3.52,2.2351,-0.6249,0.66,2.86,1.9278
Y0272-1,"Neave and Bali et al., 2019",IHPV,1,,1140,gl-ol-cp-pl,50.26,1.79,14.11,11.88878916,0.22,6.75,11.66,2.32,0.2,0.14,,0.02,99.36,6.408,4.09064,1.57064,3.888,2.52,2.9633
Y0287-1,"Neave and Bali et al., 2019",IHPV,1,,1160,gl-ol-cp-pl,50.05,2.47,12.69,14.96537519,0.29,5.53,10.84,2.3,0.25,0.18,,0.01,99.57,6.24,3.9827,1.4327,3.69,2.55,2.3757
Y0204-3,"Neave and Bali et al., 2019",IHPV,3,,1140,gl-ol-cp-pl,50.51,1.77,14.16,12.37228977,0.26,6.84,11.87,2.17,0.19,0.13,0.04,0.02,100.3,6.608,4.21914,1.85914,4.248,2.36,-0.6198
#18,"Voigt et al., 2017",1atm_furnace,0.001,,1175,gl-ol-cp-pl,50.5,1.34,14.32,10.6,,7.36,12.61,2.65,,,,0.0177,99.38,6.6,4.214,1.564,3.95,2.65,0.53
#18,"Voigt et al., 2017",1atm_furnace,0.001,,,gl-ol-cp-pl-sp,50.24,1.4,14.12,11.23,,7.31,12.09,2.6,,,,0.0499,99.05,6.392,4.08036,1.48036,3.792,2.6,-0.7624
#20,"Voigt et al., 2017",1atm_furnace,0.001,,,gl-ol-cp-pl,50.95,1.14,14.85,9.35,,8.11,12.81,2.44,,,,0.068,99.72,6.96,4.4453,2.0053,4.52,2.44,2.0157
#22,"Voigt et al., 2017",1atm_furnace,0.001,,,gl-ol-cp-pl,50.11,0.9,16.33,7.92,,9.07,12.88,2.12,,,,0.0771,99.41,6.288,4.01354,1.89354,4.168,2.12,-1.4388
#26,"Voigt et al., 2017",1atm_furnace,0.001,,1175,gl-ol-cp-pl,50.82,1.27,14.03,10.43,,7.25,12.45,2.56,,,,0.0025,98.79,6.856,4.37848,1.81848,4.296,2.56,-0.9873
#26,"Voigt et al., 2017",1atm_furnace,0.001,,,gl-ol-cp-pl,50.39,1.28,14.1,10.72,,7.17,12.54,2.78,,,,0.001,98.99,6.512,4.15746,1.37746,3.732,2.78,-0.9308
#29,"Voigt et al., 2017",1atm_furnace,0.001,,1190,gl-ol-cp-pl,50.63,1.12,14.84,9.38,,7.91,12.96,2.41,,,,0.0089,99.25,6.704,4.28082,1.87082,4.294,2.41,0.419
#32,"Voigt et al., 2017",1atm_furnace,0.001,,1186,gl-ol-cp-pl,49.46,1.21,14.52,10.53,,7.82,13.03,2.35,,,,0.0028,98.92,5.768,3.67944,1.32944,3.418,2.35,-1.2073
#32,"Voigt et al., 2017",1atm_furnace,0.001,,,gl-ol-cp-pl-sp,50.15,1.28,14.64,9.31,,8.01,13.17,2.23,,,,0.0946,98.89,6.32,4.0341,1.8041,4.09,2.23,-2.6184
#34,"Voigt et al., 2017",1atm_furnace,0.001,,,gl-ol-cp-pl-sp,51.69,1.25,14.53,8.46,,8.23,12.95,1.94,,,,0.0931,99.15,7.552,4.82566,2.88566,5.612,1.94,-1.0496
#36,"Voigt et al., 2017",1atm_furnace,0.001,,,gl-ol-cp-pl,49.66,1.2,14.4,10.33,,7.96,13.89,2.24,,,,0.0024,99.69,5.928,3.78224,1.54224,3.688,2.24,-1.0801
#37,"Voigt et al., 2017",1atm_furnace,0.001,,,gl-ol-cp-pl,49.68,1.21,14.27,10.47,,8.01,13.87,2.29,,,,0.0028,99.81,5.944,3.79252,1.50252,3.654,2.29,1.1891
#57,"Voigt et al., 2017",1atm_furnace,0.001,,,gl-ol-cp-pl-sp,48.65,1.2,14.06,9.54,,9.19,12.3,2.21,,,,0.0303,97.19,5.12,3.2631,1.0531,2.91,2.21,2.0148
#57,"Voigt et al., 2017",1atm_furnace,0.001,,,gl-ol-cp-pl,47.57,1.19,13.93,10.77,,8.79,13.01,2.3,,,,0.0082,97.58,4.256,2.70798,0.40798,1.956,2.3,-0.0868
#60,"Voigt et al., 2017",1atm_furnace,0.001,0,0,gl-ol-cp-pl-sp,50.49,0.95,15.21,7.44,0,9.3,12.29,2.29,0,0,0,0.047,98.03,6.592,4.20886,1.91886,4.302,2.29,1.7608
#63,"Voigt et al., 2017",1atm_furnace,0.001,,1198,gl-ol-cp-pl,48.33,1.29,13.75,10.83,,8.54,12.26,2.31,,,,0.0092,97.32,4.864,3.09862,0.78862,2.554,2.31,1.393
#63,"Voigt et al., 2017",1atm_furnace,0.001,,,gl-ol-cp-pl-sp,49.91,1.35,14.37,9.72,,8.79,11.78,2.39,,,,0.0319,98.34,6.128,3.91074,1.52074,3.738,2.39,2.2916
#63,"Voigt et al., 2017",1atm_furnace,0.001,,,gl-ol-cp-pl,48.13,1.26,13.89,10.97,,8.52,12.29,2.45,,,,0.0503,97.56,4.704,2.99582,0.54582,2.254,2.45,0.6497
#67,"Voigt et al., 2017",1atm_furnace,0.001,,,gl-ol-cp-pl-sp,50.89,1.03,14.88,8.38,,9.16,11.8,2.26,,,,0.0356,98.44,6.912,4.41446,2.15446,4.652,2.26,-0.7926
#67,"Voigt et al., 2017",1atm_furnace,0.001,,,gl-ol-cp-pl,49.56,1.13,14.35,9.41,,8.45,13.08,2.38,,,,0.0185,98.38,5.848,3.73084,1.35084,3.468,2.38,0.6498
#78,"Voigt et al., 2017",1atm_furnace,0.001,,,gl-ol-cp-pl-sp,49.44,1.18,14.24,9.35,,9.23,12.37,2.44,,,,0.0279,98.27,5.752,3.66916,1.22916,3.312,2.44,2.3507
#78,"Voigt et al., 2017",1atm_furnace,0.001,,,gl-ol-cp-pl,48.35,1.17,13.96,11.21,,9.11,13.04,2.39,,,,0.0118,99.23,4.88,3.1089,0.7189,2.49,2.39,16.4376
FH9840-3,Gaetani Unpublished,Piston Cylinder,10,,1260,gl-ol-cp-pl,47.04,1.2,17.45,12.67,0.18,7.64,10.4,2.46,0.11,0.08,,0.02,99.26,3.832,2.43556,-0.13444,1.262,2.57,-0.6643
FH9845-1,Gaetani Unpublished,Piston Cylinder,0.001,,1200,gl-ol-cp-pl,51.18,0.92,14.15,10.07,0.18,8.92,13.51,1.01,0,,,0.12,99.94,7.144,4.56352,3.55352,6.134,1.01,-0.7114
FH9845-12,Gaetani Unpublished,Piston Cylinder,0.001,,1205,gl-ol-cp-pl,50.08,0.91,14.31,9.76,0.21,8.88,13.87,1.39,0.05,,,0.14,99.47,6.264,3.99812,2.55812,4.824,1.44,0.1097
FH9845-15,Gaetani Unpublished,Piston Cylinder,0.001,,1190,gl-ol-cp-pl,50.649,1.05113,14.192,10.635,0.22458,8.101,13.07,1.63,0.04,0.05,,0.04011,99.62506,6.7192,4.290586,2.620586,5.0492,1.67,-5.9327
PV-4B ,"Iacovino et al., 2016",IHPV,2,± 0.2,1000 ,gl-cp-pl-ox-ap,51.93,1.48,18.8,3.91,0.14,0.99,4.07,8.01,5.67,1.62,,,96.63,7.744,4.94902,-8.73098,-5.936,13.68,24.3616
SI-1,"Mahood, G.A., Baker, D.R. (1986)",1atm_furnace,0.001,,1123,gl-ol-cp-pl,45.6,5.09,14.3,12.2,,4.7,9.38,4.2,2.01,1.43,,,98.91,2.68,1.6954,-4.5146,-3.53,6.21,5.7252
SI-2,"Mahood, G.A., Baker, D.R. (1986)",1atm_furnace,0.001,,1123,gl-ol-cp-pl,47.8,4.39,13.2,13.2,,4.48,9.17,3.75,1.77,1.36,,,99.1,4.44,2.8262,-2.6938,-1.08,5.52,7.1988
SI-13,"Mahood, G.A., Baker, D.R. (1986)",1atm_furnace,0.001,,1091,gl-ol-cp-pl-ox,48.5,4.32,13.3,13.5,,3.7,8.35,4.11,2.45,1.88,,,100.1,5,3.186,-3.374,-1.56,6.56,-2.0524
82-94A-15,"Baker, M.B., Grove, T.L., Price, R. (1994)",1atm_furnace,0.001,,1160,gl-ol-cp-pl,55.9,1.11,14.86,7.41,0.17,6,9,3.4,0.81,0.28,,0.05,98.99,10.92,6.9896,2.7796,6.71,4.21,-2.4738
82-94A-16,"Baker, M.B., Grove, T.L., Price, R. (1994)",1atm_furnace,0.001,,1149,gl-ol-cp-pl,56.8,1.36,14.4,7.8,0.16,5.17,8.3,3.61,0.97,0.37,,,98.94,11.64,7.4522,2.8722,7.06,4.58,1.7372
ALV-528-1-1-2,"Grove, T.L., Bryan, W.B. (1983)",1atm_furnace,0.001,,1187,gl-ol-cp-pl-sp,49.5,1.08,14.3,11.8,0.16,7.47,12.7,1.98,0.14,,,0.05,99.18,5.8,3.7,1.58,3.68,2.12,-0.2087
ALV-528-1-1-30,"Grove, T.L., Bryan, W.B. (1983)",1atm_furnace,0.001,,1176,gl-ol-cp-pl,50.8,1.12,13.8,10.7,0.19,7.8,12.2,1.46,0.14,,,0.08,98.29,6.84,4.3682,2.7682,5.24,1.6,0.8975
ALV-528-1-1-15,"Grove, T.L., Bryan, W.B. (1983)",1atm_furnace,0.001,,1167,gl-ol-cp-pl,51.1,1.65,13.2,12.5,0.1,7.32,11.4,1.39,0.18,,,0.03,98.87,7.08,4.5224,2.9524,5.51,1.57,0.868
ALV-528-1-1-11,"Grove, T.L., Bryan, W.B. (1983)",1atm_furnace,0.001,,1166,gl-ol-cp-pl,51.9,1.28,13.9,11.6,0.18,7.62,11.7,1.42,0.14,,,0.05,99.79,7.72,4.9336,3.3736,6.16,1.56,1.2181
ALV-528-1-1-4,"Grove, T.L., Bryan, W.B. (1983)",1atm_furnace,0.001,,1156,gl-ol-cp-pl,50.4,1.51,12.6,13.6,0.14,6.61,11.2,1.25,0.14,,,0.05,97.5,6.52,4.1626,2.7726,5.13,1.39,-0.6663
ALV-528-1-1-17,"Grove, T.L., Bryan, W.B. (1983)",1atm_furnace,0.001,,1193,gl-ol-cp-pl,50,0.76,14.2,10,0.15,9.01,13.8,1.5,0.13,,,0.09,99.64,6.2,3.957,2.327,4.57,1.63,-0.3278
ALV-525-4b-2,"Grove, T.L., Bryan, W.B. (1983)",1atm_furnace,0.001,,1187,gl-ol-cp-pl-sp,50.6,1.23,14,10.8,0.19,7.41,12.3,1.89,0.17,,,0.12,98.71,6.68,4.2654,2.2054,4.62,2.06,-1.1222
ALV-525-4b-19,"Grove, T.L., Bryan, W.B. (1983)",1atm_furnace,0.001,,1176,gl-ol-cp-pl,51.4,1.31,13.6,10.5,0.2,7.66,11.9,1.75,0.19,,,0.08,98.59,7.32,4.6766,2.7366,5.38,1.94,-0.9513
ALV-525-4b-15,"Grove, T.L., Bryan, W.B. (1983)",1atm_furnace,0.001,,1167,gl-ol-cp-pl,51.1,2.43,12.9,11.5,0.13,7.3,11.4,1.47,0.23,,,0.01,98.47,7.08,4.5224,2.8224,5.38,1.7,0.1505
ALV-525-4b-11,"Grove, T.L., Bryan, W.B. (1983)",1atm_furnace,0.001,,1166,gl-ol-cp-pl,51,1.43,13.6,11.2,0.1,7.34,11.5,1.48,0.17,,,0.05,97.87,7,4.471,2.821,5.35,1.65,-0.1872
ALV-525-4b-4,"Grove, T.L., Bryan, W.B. (1983)",1atm_furnace,0.001,,1156,gl-ol-cp-pl,50.6,1.91,12.7,12.5,0.12,6.68,11,2.02,0.21,,,0.03,97.77,6.68,4.2654,2.0354,4.45,2.23,-3.2879
AII-32-12-6-8,"Grove, T.L., Bryan, W.B. (1983)",1atm_furnace,0.001,,1193,gl-ol-cp-pl-sp,53.1,1.41,14.3,7.87,0.18,8.13,11.8,1.69,0.41,,,0.1,98.99,8.68,5.5504,3.4504,6.58,2.1,-1.0961
AII-32-12-6-10,"Grove, T.L., Bryan, W.B. (1983)",1atm_furnace,0.001,,1181,gl-ol-cp-pl-sp,52.1,1.36,14.3,9.46,0.18,7.8,11.5,1.76,0.41,,,0.12,98.99,7.88,5.0364,2.8664,5.71,2.17,-0.938
AII-32-12-6-2,"Grove, T.L., Bryan, W.B. (1983)",1atm_furnace,0.001,,1176,gl-ol-cp-pl,51,1.8,14,10.4,0.19,7.01,11.4,2.11,0.48,,,0.03,98.42,7,4.471,1.881,4.41,2.59,-1.7918
AII-32-12-6-3,"Grove, T.L., Bryan, W.B. (1983)",1atm_furnace,0.001,,1174,gl-ol-cp-pl,51.6,1.58,13.9,9.68,0.16,7.71,11.8,1.69,0.38,,,0.06,98.56,7.48,4.7794,2.7094,5.41,2.07,-1.4699
AII-32-12-6-1,"Grove, T.L., Bryan, W.B. (1983)",1atm_furnace,0.001,,1166,gl-ol-cp-pl,52.9,2.09,13.9,10.2,0.2,6.92,10.8,1.8,0.49,,,0.04,99.34,8.52,5.4476,3.1576,6.23,2.29,-2.4763
AII-32-12-6-5,"Grove, T.L., Bryan, W.B. (1983)",1atm_furnace,0.001,,1165,gl-ol-cp-pl,51.8,1.93,13.8,9.65,0.21,7.2,11.4,2.1,0.54,,,0.04,98.67,7.64,4.8822,2.2422,5,2.64,-2.3022
AII-32-12-6-12,"Grove, T.L., Bryan, W.B. (1983)",1atm_furnace,0.001,,1151,gl-ol-cp-pl,52.1,1.73,13.8,10.4,0.2,6.63,11.2,2.44,0.58,,,0.07,99.15,7.88,5.0364,2.0164,4.86,3.02,-1.0108
II-96-6-42-1,"Grove, T.L., Bryan, W.B. (1983)",1atm_furnace,0.001,,1166,gl-ol-cp-pl,52,2.33,13.9,10.2,0.2,6.81,11,1.79,0.3,,,0.01,98.54,7.8,4.985,2.895,5.71,2.09,-2.048
II-96-6-42-5,"Grove, T.L., Bryan, W.B. (1983)",1atm_furnace,0.001,,1165,gl-ol-cp-pl,51.9,1.93,13.8,9.78,0.18,7.11,11.3,2.42,0.29,,,0.03,98.74,7.72,4.9336,2.2236,5.01,2.71,-1.0326
II-96-6-42-12,"Grove, T.L., Bryan, W.B. (1983)",1atm_furnace,0.001,,1151,gl-ol-cp-pl,51.5,1.77,13.6,11,0.21,6.58,11,2.71,0.28,,,0.05,98.7,7.4,4.728,1.738,4.41,2.99,0.2656
II-96-6-42-6,"Grove, T.L., Bryan, W.B. (1983)",1atm_furnace,0.001,,1137,gl-ol-cp-pl,51.2,2.66,12.6,12.8,0.21,6.16,10,2.12,0.34,,,0.02,98.11,7.16,4.5738,2.1138,4.7,2.46,-14.0089
SAY-7E-21,"Sack, R.O., Walker, D., Carmichael, I.S.E. (1987)",1atm_furnace,0.001,,1064,gl-ol-cp-sp-kfs,57.33,2.23,18.38,3.486854,0.04,1.43,2.26,6.8,6.43,0.73,,,99.19,12.064,7.72462,-5.50538,-1.166,13.23,-3.2416
BS-501-5A,"Sack, R.O., Walker, D., Carmichael, I.S.E. (1987)",1atm_furnace,0.001,,1145,gl-ol-cp-pl-sp,53.43,2.29,16.05,7.520722,0.1,3.48,7.44,2.78,4.94,1.11,,,99.28,8.944,5.72002,-1.99998,1.224,7.72,-0.3277
BS-501-6A,"Sack, R.O., Walker, D., Carmichael, I.S.E. (1987)",1atm_furnace,0.001,,1133,gl-ol-cp-pl-sp,52.17,2.57,16.4,7.432726,0.11,3.03,6.74,3.17,5.45,1.64,,,98.85,7.936,5.07238,-3.54762,-0.684,8.62,-105.6434
BS-501-13,"Sack, R.O., Walker, D., Carmichael, I.S.E. (1987)",1atm_furnace,0.001,,1116,gl-ol-cp-pl-sp-Lc,50.1,2.48,17.31,7.658698,0.12,3.03,6.5,4.86,5.4,1.87,,,99.48,6.28,4.0084,-6.2516,-3.98,10.26,-6.9177
BS-501-20,"Sack, R.O., Walker, D., Carmichael, I.S.E. (1987)",1atm_furnace,0.001,,1092.5,gl-ol-cp-pl-sp-Lc,54.02,2.41,18.45,5.348778,0.09,1.72,3.34,6.22,6.24,1.1,,,99.05,9.416,6.02328,-6.43672,-3.044,12.46,6.3049
K-8-18,"Sack, R.O., Walker, D., Carmichael, I.S.E. (1987)",1atm_furnace,0.001,,1176,gl-ol-cp-pl-sp,43.79,2.98,18.45,9.556634,0.15,4.85,11.92,3.07,3.03,0.64,,0.01,98.63,1.232,0.76506,-5.33494,-4.868,6.1,4.1642
K-8-15,"Sack, R.O., Walker, D., Carmichael, I.S.E. (1987)",1atm_furnace,0.001,,1149,gl-ol-cp-pl-sp,42.74,3.74,16.48,12.091564,0.19,4.66,10.98,4.84,2.68,1.09,,,99.71,0.392,0.22536,-7.29464,-7.128,7.52,5.3702
K-8-19,"Sack, R.O., Walker, D., Carmichael, I.S.E. (1987)",1atm_furnace,0.001,,1121,gl-ol-cp-pl-sp,45.38,3.35,17.61,10.697616,0.19,3.52,8.78,5.3,3.7,1.38,,0.01,100.11,2.504,1.58232,-7.41768,-6.496,9,3.2126
K-14-18,"Sack, R.O., Walker, D., Carmichael, I.S.E. (1987)",1atm_furnace,0.001,,1176,gl-ol-cp-pl-sp,45.93,2.62,17.12,9.02966,0.1,5.01,10.72,4.27,3.06,0.74,,0.01,98.77,2.944,1.86502,-5.46498,-4.386,7.33,3.6216
K-14-15,"Sack, R.O., Walker, D., Carmichael, I.S.E. (1987)",1atm_furnace,0.001,,1149,gl-ol-cp-pl-sp,47.04,2.56,18.21,9.405652,0.21,4.13,9.42,5.56,3.38,0.56,,0.01,100.66,3.832,2.43556,-6.50444,-5.108,8.94,0.5595
K-14-13,"Sack, R.O., Walker, D., Carmichael, I.S.E. (1987)",1atm_furnace,0.001,,1116,gl-ol-cp-pl-sp,48.42,2.76,19.3,7.83469,0.21,2.62,6.24,6.76,4.6,0.69,,,99.59,4.936,3.14488,-8.21512,-6.424,11.36,580.5503
K-15-19,"Sack, R.O., Walker, D., Carmichael, I.S.E. (1987)",1atm_furnace,0.001,,1121,gl-ol-cp-pl-sp,49.55,1.85,18.57,9.403648,0.21,2.79,6.68,6.37,3.97,0.53,,0.01,100.11,5.84,3.7257,-6.6143,-4.5,10.34,-75.8835
K-15-20,"Sack, R.O., Walker, D., Carmichael, I.S.E. (1987)",1atm_furnace,0.001,,1092.5,gl-ol-cp-pl-sp,50.39,1.8,17.7,8.995652,0.25,2.27,6.11,6.4,4.27,0.79,,0.01,99.15,6.512,4.15746,-6.51254,-4.158,10.67,-2.2491
K-15-21,"Sack, R.O., Walker, D., Carmichael, I.S.E. (1987)",1atm_furnace,0.001,,1064,gl-ol-cp-pl-sp,52.52,1.61,19.43,7.407696,0.22,1.72,4.52,6.98,5.17,0.5,,,100.23,8.216,5.25228,-6.89772,-3.934,12.15,1.3323
SSC-1-18,"Sack, R.O., Walker, D., Carmichael, I.S.E. (1987)",1atm_furnace,0.001,,1176,gl-ol-cp-pl-sp,44.93,2.91,15.57,11.381604,0.1,5.66,11.25,4.12,1.76,0.77,,0.02,98.67,2.144,1.35102,-4.52898,-3.736,5.88,9.3756
SSC-1-15,"Sack, R.O., Walker, D., Carmichael, I.S.E. (1987)",1atm_furnace,0.001,,1149,gl-ol-cp-pl-sp,44.35,3.75,15.45,12.731544,0.17,4.4,10.51,4.41,2.42,1.29,,,99.71,1.68,1.0529,-5.7771,-5.15,6.83,4.7149
SSC-1-19,"Sack, R.O., Walker, D., Carmichael, I.S.E. (1987)",1atm_furnace,0.001,,1121,gl-ol-cp-pl-sp,43.6,3.63,15.13,12.671524,0.15,4.02,10.06,5.08,2.76,1.98,,0.01,99.33,1.08,0.6674,-7.1726,-6.76,7.84,3.5383
SSC-2-13,"Sack, R.O., Walker, D., Carmichael, I.S.E. (1987)",1atm_furnace,0.001,,1116,gl-ol-cp-pl-sp,49.67,2.77,15.94,10.723588,0.23,2.88,6.49,6.03,2.88,0.95,,,98.77,5.936,3.78738,-5.12262,-2.974,8.91,71.8506
SSC-2-20,"Sack, R.O., Walker, D., Carmichael, I.S.E. (1987)",1atm_furnace,0.001,,1092.5,gl-ol-cp-pl-sp,51.44,2.33,17.27,9.366634,0.22,2.32,5.33,7.05,3.71,0.73,,,99.95,7.352,4.69716,-6.06284,-3.408,10.76,4.2079
CSQ-3-19,"Sack, R.O., Walker, D., Carmichael, I.S.E. (1987)",1atm_furnace,0.001,,1121,gl-ol-cp-pl-sp-ox,47.68,3.93,16.68,9.775612,0.15,3.2,7.15,6.16,3.46,0.99,,0.01,99.38,4.344,2.76452,-6.85548,-5.276,9.62,2.4166
CSQ-3-20,"Sack, R.O., Walker, D., Carmichael, I.S.E. (1987)",1atm_furnace,0.001,,1092.5,gl-ol-cp-pl-sp-ox,50.74,2.12,19.83,6.628738,0.11,2.04,4.95,7.55,4.6,1.07,,,99.77,6.792,4.33736,-7.81264,-5.358,12.15,1.0265
TB-253-5A,"Sack, R.O., Walker, D., Carmichael, I.S.E. (1987)",1atm_furnace,0.001,,1145,gl-ol-cp-pl-sp,49.45,4.17,14.25,11.127596,0.15,4.36,8.91,4.04,2.37,0.78,,0.04,99.85,5.76,3.6743,-2.7357,-0.65,6.41,-2.1437
TB-253-6A,"Sack, R.O., Walker, D., Carmichael, I.S.E. (1987)",1atm_furnace,0.001,,1133,gl-ol-cp-pl-ox,53.63,3.64,15.32,9.34465,0.2,2.82,6.04,4.31,3.96,0.63,,,100.07,9.104,5.82282,-2.44718,0.834,8.27,1.7885
HC-63-4A,"Sack, R.O., Walker, D., Carmichael, I.S.E. (1987)",1atm_furnace,0.001,,1137,gl-ol-cp-pl-sp,50.87,4.51,11.81,14.873468,0.33,3.48,7.74,4.25,1.1,0.61,,,99.84,6.896,4.40418,-0.94582,1.546,5.35,-1.5615
PRT-13,"Sack, R.O., Walker, D., Carmichael, I.S.E. (1987)",1atm_furnace,0.001,,1116,gl-ol-cp-pl-ox,56.4,3.19,15.4,8.23968,0.1,2.61,4.75,5.84,2.75,0.52,,,99.96,11.32,7.2466,-1.3434,2.73,8.59,-3.2535
COL-5A,"Sack, R.O., Walker, D., Carmichael, I.S.E. (1987)",1atm_furnace,0.001,,1145,gl-ol-cp-pl-sp,60.2,1.16,14.5,8.115712,0.11,3.43,6.36,4.2,1.84,0.28,,0.02,100.36,14.36,9.1998,3.1598,8.32,6.04,1.0289
ws-5A,"Sack, R.O., Walker, D., Carmichael, I.S.E. (1987)",1atm_furnace,0.001,,1145,gl-ol-cp-pl,52.16,3.09,13.05,13.671564,0.22,4.45,8.52,2.81,1.25,0.34,,0.03,99.81,7.928,5.06724,1.00724,3.868,4.06,0.6964
ws-4A,"Sack, R.O., Walker, D., Carmichael, I.S.E. (1987)",1atm_furnace,0.001,,1378,gl-ol-cp-pl-sp - cp,52.04,3.67,11.87,15.366494,0.22,3.63,7.74,2.75,1.46,0.38,,0.02,99.4,7.832,5.00556,0.79556,3.622,4.21,-0.0008
ws-13,"Sack, R.O., Walker, D., Carmichael, I.S.E. (1987)",1atm_furnace,0.001,,1116,gl-ol-cp-pl-sp,52.37,3.28,13.13,13.077536,0.17,2.93,6.99,3.94,2.24,0.72,,,99.08,8.096,5.17518,-1.00482,1.916,6.18,-1.9674
ws-20,"Sack, R.O., Walker, D., Carmichael, I.S.E. (1987)",1atm_furnace,0.001,,1092.5,gl-ol-cp-pl,57.87,2.53,13.56,10.680622,0.16,2.3,5.41,4.01,2.53,0.77,,,100.01,12.496,8.00218,1.46218,5.956,6.54,3.0302
FG-4A,"Sack, R.O., Walker, D., Carmichael, I.S.E. (1987)",1atm_furnace,0.001,,1137,gl-ol-cp-pl-sp-ox,50.73,4.35,11.28,16.298438,0.25,3.78,8.23,3.13,0.82,0.64,,0.05,99.84,6.784,4.33222,0.38222,2.834,3.95,16.7134
94-08A-24,"Sack, R.O., Walker, D., Carmichael, I.S.E. (1987)",1atm_furnace,0.001,,1160,gl-ol-cp-pl-sp-Lc,47.32,1.49,16.39,9.758658,0.19,4.96,10.78,2.35,4.34,1.21,,0.03,98.99,4.056,2.57948,-4.11052,-2.634,6.69,8.391
PC-OP-26,"Sack, R.O., Walker, D., Carmichael, I.S.E. (1987)",1atm_furnace,0.001,,1072,gl-ol-cp-pl-gl-Nph,52.17,1.44,20.98,6.111784,0.1,3.11,6.44,9.44,0.9,0.43,,,101.23,7.936,5.07238,-5.26762,-2.404,10.34,3.8913
11,"Scoates, J.S., Lo Cascio, M., Weis, D., Lindsley, D.H. (2006)",1atm_furnace,0.001,,1119,gl-ol-cp-pl-sp,49.51,3.39,12.29,14.62,0.24,5.56,9.73,2.55,1.07,0.74,,,99.7,5.808,3.70514,0.08514,2.188,3.62,12.0275
20,"Scoates, J.S., Lo Cascio, M., Weis, D., Lindsley, D.H. (2006)",Piston Cylinder,4.3,,1120,gl-ol-cp-pl ,46.34,4.84,11.98,18.46,0.27,3.86,8.15,2.99,1.51,0.94,,,99.33,3.272,2.07576,-2.42424,-1.228,4.5,0.7369
TJ-52,"Auwera, J. V., and Longhi, J. (1994)",1atm_furnace,0.001,,1080,gl-ol-cp-pl-ox,54.1,3.26,11.8,13.2,0.2,2.83,6.57,2.83,1.62,1.15,,0.03,97.59,9.48,6.0644,1.6144,5.03,4.45,3.1627
TJ-53,"Auwera, J. V., and Longhi, J. (1994)",1atm_furnace,0.001,,1070,gl-ol-cp-pl-sp-ox,53.1,3.38,11.4,15.1,0.16,2.75,7.15,2.61,1.83,1.79,,,99.25,8.68,5.5504,1.1104,4.24,4.44,1.8836
TJ-55,"Auwera, J. V., and Longhi, J. (1994)",1atm_furnace,0.001,,1065,gl-ol-cp-pl-ox - cp,54.9,2.68,11.8,13.3,0.17,2.26,6.2,2.53,2.3,1.87,,0.01,98.01,10.12,6.4756,1.6456,5.29,4.83,4.435
TJ-47,"Auwera, J. V., and Longhi, J. (1994)",Piston Cylinder,5,,1100,gl-ol-cp-pl-ox,50.2,4.42,11.5,15.1,0.19,3.39,7.06,3.65,1.69,1.42,,0.03,98.65,6.36,4.0598,-1.2802,1.02,5.34,15.5029
TJ-4,"Auwera, J. V., and Longhi, J. (1994)",Piston Cylinder,7,,1095,gl-ol-cp-pl-ox,47.1,4.21,12,17.8,0.18,3.4,7.28,2.93,2.02,2.32,,,99.24,3.88,2.4664,-2.4836,-1.07,4.95,10.1875
STAN-9,"Mahood, G.A., Baker, D.R. (1986)",1atm_furnace,0.001,,1126,gl-ol-cp-pl,45.8,4.33,14.1,11.7,0.17,4.9,10.5,3.98,1.7,1.36,,,98.54,2.84,1.7982,-3.8818,-2.84,5.68,24.3616
SI-1,"Mahood, G.A., Baker, D.R. (1986)",1atm_furnace,0.001,,1123,gl-ol-cp-pl,45.6,5.09,14.3,12.2,,4.7,9.38,4.2,2.01,1.43,,,98.91,2.68,1.6954,-4.5146,-3.53,6.21,8.8743
PSU-8,"Mahood, G.A., Baker, D.R. (1986)",1atm_furnace,0.001,,1100,gl-ol-cp-pl,46.1,5.09,13.4,13.3,0.22,4.31,10.1,3.5,2.08,1.61,,,99.71,3.08,1.9524,-3.6276,-2.5,5.58,12.9073
PSU-6,"Mahood, G.A., Baker, D.R. (1986)",1atm_furnace,0.001,,1097,gl-ol-cp-pl,45.2,5.05,13.4,12.5,0.14,4.21,9.29,3.99,2.1,1.61,,,97.49,2.36,1.4898,-4.6002,-3.73,6.09,36.6738
PSU-10,"Mahood, G.A., Baker, D.R. (1986)",1atm_furnace,0.001,,1076,gl-ol-cp-pl-ox,47.9,4.55,14.6,11.7,0.28,3.69,8.47,4.36,2.82,2.03,,,100.4,4.52,2.8776,-4.3024,-2.66,7.18,2.0688
PSU-5,"Mahood, G.A., Baker, D.R. (1986)",1atm_furnace,0.001,,1075,gl-ol-cp-pl-ox,49,3.47,15.6,8.93,0.26,3.27,7.11,4.52,3.69,2.26,,,98.1,5.4,3.443,-4.767,-2.81,8.21,7.084
PSU-12,"Mahood, G.A., Baker, D.R. (1986)",1atm_furnace,0.001,,1055,gl-ol-cp-pl-ox,50.5,2.77,15.8,8.16,0.07,3.41,6.04,5.19,3.96,3.05,,,98.95,6.6,4.214,-4.936,-2.55,9.15,5.6488
Ia-909,"Mahood, G.A., Baker, D.R. (1986)",Piston Cylinder,8,0.03,1125,gl-ol-cp-pl,45.2,4.75,15.2,12.7,0.17,4.66,8.04,4.37,2.29,1.43,,,98.8,2.36,1.4898,-5.1702,-4.3,6.66,3.6881
Ia-919,"Mahood, G.A., Baker, D.R. (1986)",Piston Cylinder,8,0.03,1100,gl-ol-cp-pl-ox,46.8,4.03,15.9,11.2,0.16,3.81,6.61,5.05,3.42,1.65,,,98.63,3.64,2.3122,-6.1578,-4.83,8.47,11.7318
Ia-948,"Mahood, G.A., Baker, D.R. (1986)",Piston Cylinder,8,0.03,1100,gl-ol-cp-pl,44.6,4.81,15,13.5,0.2,4.38,8.11,4.49,2.39,1.87,,,99.35,1.88,1.1814,-5.6986,-5,6.88,5.7252
SI-2,"Mahood, G.A., Baker, D.R. (1986)",1atm_furnace,0.001,,1123,gl-ol-cp-pl,47.8,4.39,13.2,13.2,,4.48,9.17,3.75,1.77,1.36,,,99.1,4.44,2.8262,-2.6938,-1.08,5.52,7.1988
SI-13,"Mahood, G.A., Baker, D.R. (1986)",1atm_furnace,0.001,,1091,gl-ol-cp-pl-ox,48.5,4.32,13.3,13.5,,3.7,8.35,4.11,2.45,1.88,,,100.1,5,3.186,-3.374,-1.56,6.56,5.3158
6,"Kennedy, A.K., Grove, T.L., Johnson, R.W. (1990)",1atm_furnace,0.001,,1127,gl-ol-cp-pl,47.7,0.98,15.6,11.783588,0.23,4.69,10.3,3.3,2.86,0.56,,,98.21,4.36,2.7748,-3.3852,-1.8,6.16,-0.9755
7,"Kennedy, A.K., Grove, T.L., Johnson, R.W. (1990)",1atm_furnace,0.001,,1119,gl-ol-cp-pl-sp,40,0.95,15.7,11.161604,0.22,4.37,9.3,3.48,3.43,0.62,,,89.43,-1.8,-1.183,-8.093,-8.71,6.91,35.8664
8,"Kennedy, A.K., Grove, T.L., Johnson, R.W. (1990)",1atm_furnace,0.001,,1109,gl-ol-cp-pl-sp,48.2,0.99,15.5,11.645612,0.24,4.53,10.1,3.47,3.34,0.62,,,98.82,4.76,3.0318,-3.7782,-2.05,6.81,0.8563
11,"Kennedy, A.K., Grove, T.L., Johnson, R.W. (1990)",1atm_furnace,0.001,,1137,gl-ol-cp-pl,49.4,1,15.3,11.568598,0.21,4.94,10.4,2.83,2.9,0.52,,,99.28,5.72,3.6486,-2.0814,-0.01,5.73,0.714
12,"Kennedy, A.K., Grove, T.L., Johnson, R.W. (1990)",1atm_furnace,0.001,,1135,gl-ol-cp-pl,49.5,1,15.3,11.597536,0.22,4.59,9.8,3.05,3.15,0.48,,,98.92,5.8,3.7,-2.5,-0.4,6.2,0.8002
13,"Kennedy, A.K., Grove, T.L., Johnson, R.W. (1990)",1atm_furnace,0.001,,1135,gl-ol-cp-pl-sp,49.9,1.04,15.4,11.19443,0.23,4.59,9.1,3.22,3.37,0.52,,,98.85,6.12,3.9056,-2.6844,-0.47,6.59,-1.199
14,"Kennedy, A.K., Grove, T.L., Johnson, R.W. (1990)",1atm_furnace,0.001,,1115,gl-ol-cp-pl-sp,51.6,0.79,16.9,8.796534,0.26,3.56,7.4,4.14,4.66,0.79,,,99.13,7.48,4.7794,-4.0206,-1.32,8.8,3.0642
33,Thy 1991,Piston Cylinder,0.001,,1131,gl-ol-cp-pl,47.62,4.3,12.4,14.07,0.26,4.97,10.63,3.36,0.82,0.55,,,98.98,4.296,2.73368,-1.44632,0.116,4.18,4.9644
27,Thy 1991,Piston Cylinder,0.001,,1130,gl-ol-cp-pl-sp,47.44,4.02,13.07,13.98,0.29,5.55,11.01,3.58,0.71,0.5,,,100.16,4.152,2.64116,-1.64884,-0.138,4.29,2.4574
18,Thy 1991,Piston Cylinder,0.001,,1124,gl-ol-cp-pl-sp,47.17,3.42,12.77,13.59,0.25,5.32,11.71,3.25,0.71,0.43,,,98.62,3.936,2.50238,-1.45762,-0.024,3.96,5.2531
26,Thy 1991,Piston Cylinder,0.001,,1118,gl-ol-cp-pl-sp,47.54,4.57,13.2,13.59,0.23,4.8,9.16,3.63,1.16,0.61,,,98.49,4.232,2.69256,-2.09744,-0.558,4.79,2.3632
,,,,,,,,,,,,,,,,,,,,,,,,,
47,Thy 1991,Piston Cylinder,12.5,,1240,gl-ol-cp-pl,45.85,2.85,16.88,13.85,0.24,5.24,8.28,4.88,0.77,0.46,,,99.3,2.88,1.8239,-3.8261,-2.77,5.65,7.7732
3,Thy 1991,Piston Cylinder,10,,1220,gl-ol-cp-pl,46.63,3.88,15.41,9.95,0.24,6.95,10.23,3.58,0.69,0.54,,,98.1,3.504,2.22482,-2.04518,-0.766,4.27,16.1643
6,Thy 1991,Piston Cylinder,10,,1180,gl-ol-cp-pl,45.49,4.01,14.97,14.86,0.26,5.17,9.68,4.15,0.85,0.5,,,100.04,2.592,1.63886,-3.36114,-2.408,5,7.0899
DVDP2 basanite,"Gerke et al., 2004",1atm_furnace,0.001,,"1,104",gl-ol-cp-pl-ox,42.64,5.39,15.92,9.822666,0.19,4.23,9.48,4.82,2.76,1.87,,,97.26,0.312,0.17396,-7.40604,-7.268,7.58,4.7136
DVDP2 hawaiite,"Gerke et al., 2004",1atm_furnace,0.001,,"1,104",gl-ol-cp-pl,46.8,3.36,17.14,8.887696,0.21,3.45,7.44,5.8,3.07,0.79,,,97.08,3.64,2.3122,-6.5578,-5.23,8.87,97.5476
DVDP2 hawaiite,"Gerke et al., 2004",1atm_furnace,0.001,,"1,049",gl-ol-cp-pl,49.39,3.29,17.36,7.97473,0.23,2.41,5.78,6.16,3.91,1.22,,,97.83,5.712,3.64346,-6.42654,-4.358,10.07,6.405
83415 Ne-hawaiite,"Gerke et al., 2004",1atm_furnace,0.001,,"1,089",gl-ol-cp-pl,48.72,3.1,17.57,9.39968,0.21,2.97,5.71,5.53,3.6,1.2,,,98.15,5.176,3.29908,-5.83092,-3.954,9.13,6.9509
83415 Ne-hawaiite,"Gerke et al., 2004",1atm_furnace,0.001,,"1,049",gl-ol-cp-pl,48.7,3.25,16.97,8.132726,0.29,2.59,5.67,6.04,3.71,1.52,,,96.99,5.16,3.2888,-6.4612,-4.59,9.75,5.4306
9005,Thy and Lofgren 1994,1atm_furnace,0.001,,1098,gl-ol-cp-pl,47.28,5.29,11.69,15.87,0.32,4.48,9.39,2.8,1.05,0.66,,,,4.024,2.55892,-1.29108,0.174,3.85,4.8309
9005,Thy and Lofgren 1994,1atm_furnace,0.001,,1090,gl-ol-cp-pl-ox,48.22,4.89,11.53,16.26,0.36,3.9,8.72,2.92,1.25,0.74,,,,4.776,3.04208,-1.12792,0.606,4.17,4.7447
9005,Thy and Lofgren 1994,1atm_furnace,0.001,,1081,gl-ol-cp-pl-ox,49.55,4.19,11.78,16.14,0.33,3.5,8.09,3.09,1.53,1,,,,5.84,3.7257,-0.8943,1.22,4.62,3.3708
9005,Thy and Lofgren 1994,1atm_furnace,0.001,,1071,gl-ol-cp-pl-ox,51.02,3.73,11.89,15.45,0.38,3.33,7.63,3.17,1.76,1.09,,,,7.016,4.48128,-0.44872,2.086,4.93,2.8409
9005,Thy and Lofgren 1994,1atm_furnace,0.001,,1062,gl-ol-cp-pl-ox - ox,53.39,3.12,12.02,14.5,0.25,2.88,6.87,3.34,2.04,1.62,,,,8.912,5.69946,0.31946,3.532,5.38,2.4669
9005,Thy and Lofgren 1994,1atm_furnace,0.001,,1051,gl-ol-cp-pl-ox - ox,54.17,2.72,12.3,13.4,0.26,2.47,6.49,3.29,2.32,1.86,,,,9.536,6.10038,0.49038,3.926,5.61,7.8299
8759,Thy and Lofgren 1994,1atm_furnace,0.001,,1126,gl-ol-cp-pl,46.16,5.11,11.83,16.65,0.35,4.25,9.45,3.43,0.91,0.58,,,,3.128,1.98324,-2.35676,-1.212,4.34,6.6843
8759,Thy and Lofgren 1994,1atm_furnace,0.001,,1117,gl-ol-cp-pl,47.52,4.67,12.13,16.29,0.31,3.85,8.71,3.8,1.11,0.66,,,,4.216,2.68228,-2.22772,-0.694,4.91,2.573
8759,Thy and Lofgren 1994,1atm_furnace,0.001,,1107,gl-ol-cp-pl,51.63,3.63,12.58,14,0.34,3.19,7.22,3.95,1.76,1.03,,,,7.504,4.79482,-0.91518,1.794,5.71,3.3746
8759,Thy and Lofgren 1994,1atm_furnace,0.001,,1098,gl-ol-cp-pl-ox,52.05,3.52,12.31,14.17,0.31,3.17,6.92,3.92,1.83,1.36,,,,7.84,5.0107,-0.7393,2.09,5.75,2.9742
8759,Thy and Lofgren 1994,1atm_furnace,0.001,,1090,gl-ol-cp-pl-ox,52.85,2.84,12.67,13.12,0.29,2.96,6.69,4.13,2.16,1.65,,,,8.48,5.4219,-0.8681,2.19,6.29,11.5618
SAX2,Thy and Lofgren 1994,1atm_furnace,0.001,,1081,gl-ol-cp-pl-ox,45.89,3.72,15.03,13.06,0.23,5.48,10.06,2.76,1.04,0.84,,,,2.912,1.84446,-1.95554,-0.888,3.8,11.7114
SAX2,Thy and Lofgren 1994,1atm_furnace,0.001,,1071,gl-ol-cp-pl-ox - ox,45.99,3.75,15.03,13.15,0.24,5.5,10.12,2.74,1.06,0.88,,,,2.992,1.89586,-1.90414,-0.808,3.8,10.5125
SAX2,Thy and Lofgren 1994,1atm_furnace,0.001,,1062,gl-ol-cp-pl-ox - ox,45.99,3.85,14.64,13.14,0.24,5.44,10.14,2.73,1.1,0.88,,,,2.992,1.89586,-1.93414,-0.838,3.83,
mid20,Miller (thesis),1 atm,0.001,,1200,gl-ol-cp-pl,48.88,1.07,13.89,9.72,0.15,8.84,14.39,1.48,0.021,0.033,,0.14,98.6,,,,,1.501,-1.4132
mid20,Miller (thesis),1 atm,0.001,,1200,gl-ol-cp-pl,48.78,1.08,14.01,10.35,0.15,8.69,14.13,1.48,0.035,0.06,,0.13,98.89,,,,,1.515,-0.08
mid20,Miller (thesis),1 atm,0.001,,1200,gl-ol-cp-pl,49.47,1.06,14.02,9.93,0.2,8.75,14.44,1.48,0.042,0.023,,0.09,99.53,,,,,1.522,-1.4201
mid20,Miller (thesis),1 atm,0.001,,1200,gl-ol-cp-pl,49.03,1.06,13.99,10.43,0.23,8.81,14.38,1.44,0.031,0.03,,0.07,99.53,,,,,1.471,-0.3089
mid20,Miller (thesis),1 atm,0.001,,1200,gl-ol-cp-pl,48.78,1.07,13.97,10.15,0.2,8.61,14.4,1.44,0.03,0.026,,0.1,98.78,,,,,1.47,-0.8319
mid20,Miller (thesis),1 atm,0.001,,1200,gl-ol-cp-pl,49.51,1.03,14.02,10.41,0.23,8.73,14.46,1.42,0.044,0.033,,0.11,100.01,,,,,1.464,-0.7922
mid20,Miller (thesis),1 atm,0.001,,1200,gl-ol-cp-pl,49.43,1.04,14.06,10.35,0.26,8.66,14.53,1.51,0.019,0.039,,0.12,100.05,,,,,1.529,-0.786
mid20,Miller (thesis),1 atm,0.001,,1200,gl-ol-cp-pl,49.43,1.05,14.12,10.2,0.22,8.94,14.57,1.49,0.041,0.044,,0.09,100.25,,,,,1.531,-0.6949
mid20,Miller (thesis),1 atm,0.001,,1200,gl-ol-cp-pl,49.03,1.04,14.13,10.1,0.3,8.71,14.4,1.41,0.038,0.045,,0.09,99.32,,,,,1.448,-0.3986
mid20,Miller (thesis),1 atm,0.001,,1200,gl-ol-cp-pl,49.25,1.03,14.08,10.45,0.18,8.69,14.26,1.48,0.023,0.035,,0.1,99.6,,,,,1.503,-0.3137
mid20,Miller (thesis),1 atm,0.001,,1200,gl-ol-cp-pl,49.12,1.02,14.04,9.73,0.18,8.79,14.46,1.44,0.036,0.051,,0.08,98.95,,,,,1.476,-1.2938
mid20,Miller (thesis),1 atm,0.001,,1200,gl-ol-cp-pl,49.05,0.98,14.11,9.98,0.15,8.84,14.51,1.43,0.006,0.037,,0.07,99.16,,,,,1.436,-0.849
mid20,Miller (thesis),1 atm,0.001,,1200,gl-ol-cp-pl,49.47,1.03,14.07,10.22,0.24,8.79,14.41,1.46,0.002,0.037,,0.08,99.81,,,,,1.462,-0.6877
mid20,Miller (thesis),1 atm,0.001,,1200,gl-ol-cp-pl,48.97,1.02,13.92,10.39,0.22,8.75,14.57,1.49,0.043,0.061,,0.1,99.54,,,,,1.533,-0.6752
mid20,Miller (thesis),1 atm,0.001,,1200,gl-ol-cp-pl,49.08,1.03,13.89,10.33,0.21,8.91,14.63,1.52,0.008,0.024,,0.13,99.81,,,,,1.528,-0.8879
mid20,Miller (thesis),1 atm,0.001,,1200,gl-ol-cp-pl,49.05,1.03,13.97,9.95,0.21,8.73,14.48,1.49,0.023,0.032,,0.14,99.14,,,,,1.513,-1.1997
mid20,Miller (thesis),1 atm,0.001,,1200,gl-ol-cp-pl,48.86,1.03,14.06,10.24,0.2,8.8,14.39,1.47,0.03,0.028,,0.12,99.26,,,,,1.5,-0.381
mid20,Miller (thesis),1 atm,0.001,,1200,gl-ol-cp-pl,48.42,1.05,14.04,10.39,0.22,8.96,14.4,1.43,0.002,0.038,,0.06,99.02,,,,,1.432,0.3883
mid12,Miller (thesis),1 atm,0.001,,1170,gl-ol-cp-pl,48.82,1.31,13.52,11.68,0.25,7.89,13.57,1.56,0.049,0.061,,0.05,98.83,,,,,1.609,0.5615
mid12,Miller (thesis),1 atm,0.001,,1170,gl-ol-cp-pl,49.14,1.27,13.66,11.68,0.28,7.84,13.63,1.56,0.038,0.038,,0.06,99.26,,,,,1.598,0.4796
mid12,Miller (thesis),1 atm,0.001,,1170,gl-ol-cp-pl,48.39,1.18,14.53,11.15,0.25,7.72,13.92,1.65,0.04,0.039,,0.07,98.95,,,,,1.69,1.5903
mid12,Miller (thesis),1 atm,0.001,,1170,gl-ol-cp-pl,49.15,1.21,14.11,11.19,0.22,7.79,14.12,1.7,0.03,0.051,,0.07,99.65,,,,,1.73,0.0511
mid12,Miller (thesis),1 atm,0.001,,1170,gl-ol-cp-pl,48.78,1.2,14.35,11.51,0.2,7.7,13.8,1.63,0.034,0.043,,0.07,99.35,,,,,1.664,1.4533
mid34,Miller (thesis),Piston Cylinder,5,,1190,gl-ol-cp-pl,46.43,0.77,15.97,10.36,0.2,6.45,13.4,4.45,0.161,0.022,,0.08,98.42,,,,,4.611,4.2681
mid34,Miller (thesis),Piston Cylinder,5,,1190,gl-ol-cp-pl,46.43,0.82,16.01,10.16,0.23,6.74,13.09,4.73,0.158,0.025,,0.06,98.54,,,,,4.888,11.5434
mid34,Miller (thesis),Piston Cylinder,5,,1190,gl-ol-cp-pl,46.45,0.78,16.15,10.46,0.21,6.4,12.84,4.89,0.143,0.019,,0.07,98.53,,,,,5.033,-173.904
mid34,Miller (thesis),Piston Cylinder,5,,1190,gl-ol-cp-pl,46.47,0.82,15.9,10.34,0.17,6.47,13.13,4.73,0.154,0.004,,0.08,98.37,,,,,4.884,6.4558
mid34,Miller (thesis),Piston Cylinder,5,,1190,gl-ol-cp-pl,46.31,0.81,16.09,10.24,0.16,6.53,13.33,4.67,0.139,0.027,,0.09,98.47,,,,,4.809,7.0828
mid34,Miller (thesis),Piston Cylinder,5,,1190,gl-ol-cp-pl,46.52,0.8,15.98,10.37,0.21,6.62,13.16,4.7,0.166,0.011,,0.12,98.73,,,,,4.866,8.3472
mid34,Miller (thesis),Piston Cylinder,5,,1190,gl-ol-cp-pl,46.32,0.77,16.14,10.09,0.17,6.68,13.42,4.68,0.146,0.025,,0.08,98.61,,,,,4.826,10.1877
mid14,Miller (thesis),Piston Cylinder,10,,1280,gl-ol-cp-pl,47.1,0.98,16.39,11.55,0.21,8.92,12.07,1.74,0.064,0.01,,0.06,99.17,,,,,1.804,11.0701
mid14,Miller (thesis),Piston Cylinder,10,,1280,gl-ol-cp-pl,47.4,0.99,16.55,11.04,0.2,8.86,12.13,1.83,0.041,0.016,,0.06,99.23,,,,,1.871,10.2539
mid14,Miller (thesis),Piston Cylinder,10,,1280,gl-ol-cp-pl,47.95,0.98,16.7,11.3,0.27,8.84,12.34,1.94,0.037,0.036,,0.03,100.52,,,,,1.977,10.313
mid14,Miller (thesis),Piston Cylinder,10,,1280,gl-ol-cp-pl,47.3,0.98,16.59,11.52,0.24,8.73,12.05,1.92,0.053,0.053,,0.02,99.56,,,,,1.973,11.3239
mid14,Miller (thesis),Piston Cylinder,10,,1280,gl-ol-cp-pl,47.14,1.01,16.49,11.59,0.23,8.93,12.16,1.9,0.059,0.01,,0.03,99.66,,,,,1.959,11.219
mid14,Miller (thesis),Piston Cylinder,10,,1280,gl-ol-cp-pl,47.27,0.97,16.36,11.28,0.21,8.84,12.01,1.94,0.065,0.04,,0.06,99.17,,,,,2.005,10.4685
mid14,Miller (thesis),Piston Cylinder,10,,1280,gl-ol-cp-pl,47.53,0.98,16.4,11.67,0.22,9,12.19,1.82,0.052,0.047,,0.06,100.05,,,,,1.872,10.9295
mid14,Miller (thesis),Piston Cylinder,10,,1280,gl-ol-cp-pl,47.35,0.98,16.51,11.47,0.14,8.94,12.01,1.92,0.042,0.04,,0.07,99.57,,,,,1.962,11.0556
mid14,Miller (thesis),Piston Cylinder,10,,1280,gl-ol-cp-pl,47.38,0.95,16.52,11.62,0.22,8.88,12.11,1.94,0.045,0.048,,0.08,99.88,,,,,1.985,11.2557
mid14,Miller (thesis),Piston Cylinder,10,,1280,gl-ol-cp-pl,47.11,0.98,16.45,11.17,0.21,8.95,12.07,1.92,0.062,0.018,,0.07,99.13,,,,,1.982,10.6531
mid23,Miller (thesis),Piston Cylinder,10,,1240,gl-ol-cp-pl,47.28,1.35,15.82,14.22,0.19,7.56,11.15,1.94,0.024,0.025,,0.01,99.71,,,,,1.964,13.2255
mid23,Miller (thesis),Piston Cylinder,10,,1240,gl-ol-cp-pl,46.69,1.33,15.85,14.46,0.23,7.72,11.14,2.04,0.052,0.014,,0.05,99.74,,,,,2.092,14.5326
mid23,Miller (thesis),Piston Cylinder,10,,1240,gl-ol-cp-pl,46.84,1.29,15.66,13.6,0.26,9.18,11.61,1.72,0.034,0.038,,0.03,100.38,,,,,1.754,13.9985
mid23,Miller (thesis),Piston Cylinder,10,,1240,gl-ol-cp-pl,46.55,1.39,15.86,14.17,0.26,7.69,11.28,2.05,0.054,0.05,,0,99.51,,,,,2.104,14.2675
mid23,Miller (thesis),Piston Cylinder,10,,1240,gl-ol-cp-pl,47.02,1.34,15.98,14.32,0.24,7.68,11.17,2.05,0.044,0.047,,0.02,100.08,,,,,2.094,14.3456
mid23,Miller (thesis),Piston Cylinder,10,,1240,gl-ol-cp-pl,46.6,1.33,15.98,13.93,0.25,7.66,11.37,1.95,0.053,0.045,,0.02,99.32,,,,,2.003,13.9409
mid23,Miller (thesis),Piston Cylinder,10,,1240,gl-ol-cp-pl,46.93,1.33,16.03,14.11,0.23,7.56,11.26,2.02,0.056,0.035,,0.02,99.73,,,,,2.076,13.8671
mid23,Miller (thesis),Piston Cylinder,10,,1240,gl-ol-cp-pl,46.91,1.33,16,14.25,0.24,7.74,11.26,1.97,0.056,0.055,,0.03,100,,,,,2.026,14.3974
mid23,Miller (thesis),Piston Cylinder,10,,1240,gl-ol-cp-pl,47.21,1.31,15.95,13.98,0.25,7.64,11.23,2.01,0.045,0.023,,0.04,99.81,,,,,2.055,13.2967
mid23,Miller (thesis),Piston Cylinder,10,,1240,gl-ol-cp-pl,46.94,1.32,15.92,14.19,0.26,7.89,11.26,2.02,0.056,0.053,,0.07,100.19,,,,,2.076,14.2766
